date,mv,returns
31/12/2013,1000000,0
01/01/2014,993206.38,-0.00679362
02/01/2014,992628.45,-0.000581883
03/01/2014,996394.98,0.003794501
04/01/2014,1002500.97,0.006128082
05/01/2014,1013136.84,0.010609336
06/01/2014,1026973.9,0.013657642
07/01/2014,1034738.03,0.007560202
08/01/2014,1041105.56,0.00615376
09/01/2014,1042102.25,0.000957338
10/01/2014,1041454.82,-0.000621273
11/01/2014,1033673.24,-0.007471836
12/01/2014,1026655.69,-0.006788944
13/01/2014,1015913.29,-0.010463488
14/01/2014,1005883.06,-0.009873116
15/01/2014,999626.08,-0.006220385
16/01/2014,996845.26,-0.00278186
17/01/2014,993118.13,-0.003738925
18/01/2014,988060.89,-0.005092284
19/01/2014,985407.82,-0.002685128
20/01/2014,980478.92,-0.005001888
21/01/2014,972378.91,-0.008261279
22/01/2014,964212.87,-0.008398002
23/01/2014,961298.24,-0.003022808
24/01/2014,955984.78,-0.005527379
25/01/2014,951472.81,-0.004719709
26/01/2014,947125.15,-0.0045694
27/01/2014,945568.27,-0.001643795
28/01/2014,942384.26,-0.003367298
29/01/2014,941905.62,-0.000507903
30/01/2014,941770.08,-0.0001439
31/01/2014,944930.42,0.003355745
01/02/2014,947597.21,0.002822208
02/02/2014,946898.87,-0.000736959
03/02/2014,947571.96,0.000710836
04/02/2014,943069.65,-0.004751418
05/02/2014,936084.93,-0.007406367
06/02/2014,929738.92,-0.00677931
07/02/2014,923189.85,-0.007043988
08/02/2014,916003.48,-0.007784282
09/02/2014,909421.6,-0.007185431
10/02/2014,907029.24,-0.002630639
11/02/2014,904394.02,-0.002905331
12/02/2014,902229.87,-0.002392928
13/02/2014,901812.46,-0.000462643
14/02/2014,906150.52,0.004810379
15/02/2014,912262.71,0.006745226
16/02/2014,922209.71,0.010903657
17/02/2014,931275.14,0.009830118
18/02/2014,939364.19,0.008685994
19/02/2014,947930.11,0.009118849
20/02/2014,951173.16,0.003421191
21/02/2014,949890.27,-0.001348745
22/02/2014,951638.91,0.001840886
23/02/2014,948799.5,-0.002983705
24/02/2014,947313.91,-0.001565758
25/02/2014,946306.34,-0.001063607
26/02/2014,943485.96,-0.002980409
27/02/2014,941653.15,-0.001942594
28/02/2014,941374.9,-0.000295491
01/03/2014,940861.04,-0.000545861
02/03/2014,944954.59,0.004350855
03/03/2014,954853.54,0.010475583
04/03/2014,965856.09,0.011522762
05/03/2014,980689.4,0.015357681
06/03/2014,988622.53,0.00808934
07/03/2014,993636.38,0.005071551
08/03/2014,998473.68,0.00486828
09/03/2014,1002195.7,0.00372771
10/03/2014,1005416.66,0.003213903
11/03/2014,1012229.25,0.006775887
12/03/2014,1015350.42,0.003083462
13/03/2014,1013789.29,-0.001537528
14/03/2014,1015297.91,0.0014881
15/03/2014,1011617.2,-0.003625251
16/03/2014,1005257.06,-0.006287101
17/03/2014,1002280.35,-0.002961143
18/03/2014,998020.63,-0.004250028
19/03/2014,993833.61,-0.004195324
20/03/2014,992810.77,-0.001029186
21/03/2014,996075.64,0.003288512
22/03/2014,1000759.76,0.004702575
23/03/2014,1010580.3,0.009813084
24/03/2014,1015987.88,0.005350965
25/03/2014,1024935.03,0.008806355
26/03/2014,1033669.47,0.008521945
27/03/2014,1037319.8,0.003531429
28/03/2014,1035781.28,-0.001483168
29/03/2014,1038513.14,0.002637487
30/03/2014,1040604.93,0.002014216
31/03/2014,1041981.38,0.00132274
01/04/2014,1046777.8,0.004603172
02/04/2014,1058440.14,0.01114118
03/04/2014,1070633.42,0.011520047
04/04/2014,1082486.82,0.01107139
05/04/2014,1092156.27,0.008932626
06/04/2014,1102344.27,0.009328335
07/04/2014,1109012.48,0.006049117
08/04/2014,1107026.71,-0.001790575
09/04/2014,1099635.1,-0.006676993
10/04/2014,1096009.63,-0.003296976
11/04/2014,1092888.77,-0.002847475
12/04/2014,1087364.53,-0.005054714
13/04/2014,1082561.33,-0.004417286
14/04/2014,1081386.8,-0.001084955
15/04/2014,1079123.39,-0.002093062
16/04/2014,1073325.49,-0.005372787
17/04/2014,1066181.66,-0.006655791
18/04/2014,1058798.97,-0.00692442
19/04/2014,1051792.1,-0.006617753
20/04/2014,1046592.65,-0.00494342
21/04/2014,1040808.38,-0.005526763
22/04/2014,1036961.13,-0.003696406
23/04/2014,1036389.57,-0.000551187
24/04/2014,1038047.45,0.001599669
25/04/2014,1033616.6,-0.004268446
26/04/2014,1034674.66,0.001023648
27/04/2014,1040261.58,0.005399688
28/04/2014,1048493.09,0.007912923
29/04/2014,1054718.34,0.00593733
30/04/2014,1067339.79,0.011966655
01/05/2014,1081569.03,0.0133315
02/05/2014,1089039.76,0.006907308
03/05/2014,1096245.57,0.006616664
04/05/2014,1100306.34,0.003704252
05/05/2014,1103338.17,0.002755442
06/05/2014,1098839.66,-0.004077182
07/05/2014,1099560.68,0.000656165
08/05/2014,1097143.86,-0.002197987
09/05/2014,1097978,0.000760283
10/05/2014,1093430.05,-0.004142114
11/05/2014,1089732.23,-0.003381853
12/05/2014,1085271.51,-0.004093409
13/05/2014,1085980.09,0.000652906
14/05/2014,1083445.11,-0.002334279
15/05/2014,1085512.36,0.001908034
16/05/2014,1094285.37,0.008081907
17/05/2014,1101801.21,0.006868263
18/05/2014,1107840.85,0.005481606
19/05/2014,1111541.6,0.003340507
20/05/2014,1112793.62,0.001126382
21/05/2014,1107401.96,-0.004845157
22/05/2014,1101277.27,-0.005530684
23/05/2014,1088461.65,-0.011637051
24/05/2014,1076624.48,-0.010875137
25/05/2014,1064076.57,-0.011654862
26/05/2014,1057924.28,-0.005781811
27/05/2014,1052022.64,-0.005578509
28/05/2014,1053793.23,0.001683034
29/05/2014,1057992.14,0.003984567
30/05/2014,1064407.28,0.006063504
31/05/2014,1066557.99,0.002020571
01/06/2014,1068899.28,0.002195183
02/06/2014,1063435.89,-0.00511123
03/06/2014,1057040.22,-0.006014157
04/06/2014,1050904,-0.005805096
05/06/2014,1041820.55,-0.008643463
06/06/2014,1030123.67,-0.011227346
07/06/2014,1018553.04,-0.011232273
08/06/2014,1007379.74,-0.010969777
09/06/2014,998719.34,-0.008596957
10/06/2014,995684.34,-0.003038892
11/06/2014,999690.3,0.004023323
12/06/2014,1004377.39,0.004688542
13/06/2014,1010178.83,0.005776156
14/06/2014,1017095.12,0.0068466
15/06/2014,1022476.68,0.005291108
16/06/2014,1024980.99,0.002449259
17/06/2014,1033091.56,0.007912898
18/06/2014,1039578.9,0.00627954
19/06/2014,1045797.86,0.005982191
20/06/2014,1050459.89,0.004457869
21/06/2014,1052102.41,0.00156362
22/06/2014,1054644.67,0.002416362
23/06/2014,1055962.26,0.001249321
24/06/2014,1056233.73,0.000257083
25/06/2014,1057540.99,0.001237662
26/06/2014,1060141.72,0.002459224
27/06/2014,1061915.69,0.001673333
28/06/2014,1067028.84,0.004815024
29/06/2014,1068598.06,0.001470644
30/06/2014,1074056.65,0.005108179
01/07/2014,1082084.58,0.007474401
02/07/2014,1085481.42,0.003139163
03/07/2014,1090574.89,0.00469236
04/07/2014,1098832.08,0.00757141
05/07/2014,1100039.54,0.001098858
06/07/2014,1097297.11,-0.002493029
07/07/2014,1096990.08,-0.000279806
08/07/2014,1098514.63,0.001389757
09/07/2014,1095934.04,-0.002349163
10/07/2014,1098453.88,0.002299262
11/07/2014,1102105.02,0.00332389
12/07/2014,1103547.92,0.001309222
13/07/2014,1100723.06,-0.002559798
14/07/2014,1103716.92,0.002719903
15/07/2014,1105074.39,0.001229908
16/07/2014,1105418.01,0.000310947
17/07/2014,1105778.25,0.000325886
18/07/2014,1106722.31,0.000853752
19/07/2014,1107259.38,0.00048528
20/07/2014,1107483.49,0.000202401
21/07/2014,1112964.49,0.004949058
22/07/2014,1118887.01,0.005321392
23/07/2014,1126788.39,0.007061821
24/07/2014,1132692.09,0.005239404
25/07/2014,1136781.12,0.00361001
26/07/2014,1133370.09,-0.003000604
27/07/2014,1131542.87,-0.001612201
28/07/2014,1128538.94,-0.00265472
29/07/2014,1123627.05,-0.004352433
30/07/2014,1121056.41,-0.002287805
31/07/2014,1124913.68,0.003440746
01/08/2014,1128316.16,0.003024659
02/08/2014,1134369.23,0.005364693
03/08/2014,1137848.93,0.00306752
04/08/2014,1137543.11,-0.00026877
05/08/2014,1139186.51,0.001444693
06/08/2014,1137215.41,-0.00173027
07/08/2014,1132319.07,-0.004305552
08/08/2014,1133550.08,0.001087158
09/08/2014,1139478.13,0.005229632
10/08/2014,1140951,0.001292583
11/08/2014,1142602.49,0.001447468
12/08/2014,1145130.73,0.002212703
13/08/2014,1140928.8,-0.003669389
14/08/2014,1134506.71,-0.005628826
15/08/2014,1129662.96,-0.004269477
16/08/2014,1131154.97,0.001320757
17/08/2014,1128947.26,-0.001951731
18/08/2014,1133394.3,0.003939103
19/08/2014,1137093.89,0.003264169
20/08/2014,1143301.82,0.00545947
21/08/2014,1148261.2,0.00433777
22/08/2014,1151423.01,0.002753563
23/08/2014,1153212.08,0.00155379
24/08/2014,1153245.57,2.90406E-05
25/08/2014,1145590.44,-0.006637901
26/08/2014,1138585.87,-0.006114375
27/08/2014,1139726.17,0.001001505
28/08/2014,1143256.07,0.003097147
29/08/2014,1153485.41,0.008947549
30/08/2014,1165564.49,0.01047181
31/08/2014,1177436.57,0.010185691
01/09/2014,1189711.9,0.01042547
02/09/2014,1198950.18,0.00776514
03/09/2014,1203227.5,0.003567554
04/09/2014,1205145.35,0.001593921
05/09/2014,1204425.77,-0.00059709
06/09/2014,1200843.63,-0.002974148
07/09/2014,1198485.89,-0.001963403
08/09/2014,1198567.34,6.79608E-05
09/09/2014,1201513.06,0.002457701
10/09/2014,1204660.04,0.002619181
11/09/2014,1210633.42,0.004958561
12/09/2014,1213701.69,0.002534434
13/09/2014,1216670.09,0.002445741
14/09/2014,1225998.74,0.007667362
15/09/2014,1237602.6,0.009464822
16/09/2014,1244475.1,0.005553075
17/09/2014,1252358.63,0.006334823
18/09/2014,1261928.84,0.007641749
19/09/2014,1264957.06,0.002399676
20/09/2014,1267714.28,0.002179695
21/09/2014,1267754.41,3.16554E-05
22/09/2014,1264179.36,-0.002819986
23/09/2014,1257542.07,-0.005250276
24/09/2014,1257251.41,-0.000231133
25/09/2014,1258997.3,0.001388656
26/09/2014,1267340.97,0.006627234
27/09/2014,1275046.38,0.006079982
28/09/2014,1282486.14,0.005834894
29/09/2014,1285879.23,0.002645713
30/09/2014,1288497.1,0.00203586
01/10/2014,1285901.72,-0.002014269
02/10/2014,1285086.03,-0.000634333
03/10/2014,1286818.17,0.001347879
04/10/2014,1288550.64,0.001346321
05/10/2014,1288414.07,-0.000105987
06/10/2014,1287290.96,-0.0008717
07/10/2014,1287910.85,0.000481546
08/10/2014,1291783.55,0.003006963
09/10/2014,1291931.98,0.000114903
10/10/2014,1289891.92,-0.001579077
11/10/2014,1286601.86,-0.002550648
12/10/2014,1280350.03,-0.00485918
13/10/2014,1267931.86,-0.009699043
14/10/2014,1262001.01,-0.004677578
15/10/2014,1259892.26,-0.001670957
16/10/2014,1257003.74,-0.002292672
17/10/2014,1255328.5,-0.001332725
18/10/2014,1256896.01,0.001248685
19/10/2014,1250674.95,-0.004949542
20/10/2014,1245686.51,-0.003988598
21/10/2014,1247062.56,0.001104652
22/10/2014,1247240.51,0.000142695
23/10/2014,1245815.61,-0.001142442
24/10/2014,1246383.45,0.000455798
25/10/2014,1246016.04,-0.000294781
26/10/2014,1243952.97,-0.001655733
27/10/2014,1244629.86,0.000544144
28/10/2014,1247774.12,0.002526261
29/10/2014,1254572.08,0.005448069
30/10/2014,1262187.26,0.006069942
31/10/2014,1264569.93,0.001887731
01/11/2014,1262559.49,-0.001589821
02/11/2014,1258875.05,-0.002918231
03/11/2014,1252344.26,-0.005187798
04/11/2014,1239127.68,-0.010553472
05/11/2014,1234729.71,-0.003549247
06/11/2014,1233999.78,-0.000591166
07/11/2014,1228550.03,-0.00441633
08/11/2014,1228285.29,-0.00021549
09/11/2014,1227283.55,-0.00081556
10/11/2014,1219474.79,-0.006362637
11/11/2014,1216097.51,-0.002769455
12/11/2014,1219093.37,0.002463503
13/11/2014,1216181.3,-0.002388718
14/11/2014,1215042.43,-0.000936431
15/11/2014,1219855.49,0.003961228
16/11/2014,1221064.04,0.000990732
17/11/2014,1216901.97,-0.00340856
18/11/2014,1210949.27,-0.004891684
19/11/2014,1207698.97,-0.002684093
20/11/2014,1202890.05,-0.003981886
21/11/2014,1195947.69,-0.0057714
22/11/2014,1194568.5,-0.001153219
23/11/2014,1192786.77,-0.001491526
24/11/2014,1188158.09,-0.003880559
25/11/2014,1184575.15,-0.003015541
26/11/2014,1180352.8,-0.003564442
27/11/2014,1173232.11,-0.006032679
28/11/2014,1169177.85,-0.003455633
29/11/2014,1168519.65,-0.00056296
30/11/2014,1164218.37,-0.003680965
01/12/2014,1159780.33,-0.003812034
02/12/2014,1156344.13,-0.002962802
03/12/2014,1155152.69,-0.001030351
04/12/2014,1156221.3,0.000925081
05/12/2014,1156601.98,0.000329245
06/12/2014,1163775.4,0.006202151
07/12/2014,1165400.82,0.001396678
08/12/2014,1169637.96,0.003635779
09/12/2014,1173530.7,0.003328158
10/12/2014,1176986.11,0.002944456
11/12/2014,1173192.47,-0.003223182
12/12/2014,1170966.54,-0.001897327
13/12/2014,1162290.02,-0.007409708
14/12/2014,1153218.77,-0.007804636
15/12/2014,1147234.4,-0.005189276
16/12/2014,1141791.95,-0.004743974
17/12/2014,1141827.27,3.09338E-05
18/12/2014,1146224.5,0.003851047
19/12/2014,1148116.4,0.001650549
20/12/2014,1151645.42,0.003073748
21/12/2014,1157585.54,0.005157942
22/12/2014,1163750.43,0.005325645
23/12/2014,1168509.62,0.004089528
24/12/2014,1172264.56,0.003213444
25/12/2014,1175286.8,0.002578121
26/12/2014,1175221.85,-5.52631E-05
27/12/2014,1174065,-0.000984367
28/12/2014,1173555.3,-0.000434133
29/12/2014,1178174.19,0.003935809
30/12/2014,1184393.93,0.005279134
31/12/2014,1197930.32,0.011428959
01/01/2015,1208763.2,0.009042997
02/01/2015,1220327.19,0.009566795
03/01/2015,1225087.09,0.003900511
04/01/2015,1223814.3,-0.001038938
05/01/2015,1223499.83,-0.000256959
06/01/2015,1228081.52,0.003744741
07/01/2015,1232081.83,0.003257365
08/01/2015,1240491.66,0.006825707
09/01/2015,1248723.16,0.006635675
10/01/2015,1248439.53,-0.000227136
11/01/2015,1243596.15,-0.003879547
12/01/2015,1238155.54,-0.004374901
13/01/2015,1236049.9,-0.001700626
14/01/2015,1236170.86,9.78601E-05
15/01/2015,1235584.41,-0.000474409
16/01/2015,1235295.5,-0.000233825
17/01/2015,1233224.3,-0.001676684
18/01/2015,1230454.38,-0.00224608
19/01/2015,1224871.91,-0.004536917
20/01/2015,1221206.65,-0.002992362
21/01/2015,1221325.38,9.72235E-05
22/01/2015,1221746.39,0.000344716
23/01/2015,1218374.03,-0.002760278
24/01/2015,1219068.85,0.000570285
25/01/2015,1220041.25,0.000797658
26/01/2015,1217487.28,-0.002093347
27/01/2015,1220714.83,0.002650993
28/01/2015,1223076.39,0.001934571
29/01/2015,1224474.02,0.001142717
30/01/2015,1225337.14,0.00070489
31/01/2015,1224065.84,-0.00103751
01/02/2015,1222989.19,-0.000879569
02/02/2015,1223007.08,1.46281E-05
03/02/2015,1227272.99,0.00348805
04/02/2015,1235570.42,0.006760867
05/02/2015,1250155.15,0.011804046
06/02/2015,1257482.22,0.005860929
07/02/2015,1265171.72,0.006114997
08/02/2015,1270476.9,0.004193249
09/02/2015,1276812.96,0.004987151
10/02/2015,1282208.75,0.004225983
11/02/2015,1292392.2,0.007942116
12/02/2015,1305285.5,0.009976306
13/02/2015,1311883.26,0.005054649
14/02/2015,1311292.52,-0.000450299
15/02/2015,1303345.53,-0.006060425
16/02/2015,1297364.36,-0.00458909
17/02/2015,1287740.98,-0.007417639
18/02/2015,1285004.71,-0.002124861
19/02/2015,1289434.76,0.003447497
20/02/2015,1297924.84,0.006584342
21/02/2015,1297634.52,-0.00022368
22/02/2015,1302499.56,0.00374916
23/02/2015,1309486.88,0.005364547
24/02/2015,1309261.45,-0.000172151
25/02/2015,1306050.39,-0.002452574
26/02/2015,1305098.58,-0.00072877
27/02/2015,1303508.99,-0.001217985
28/02/2015,1301689.96,-0.001395487
01/03/2015,1304669.96,0.002289332
02/03/2015,1308039.19,0.002582439
03/03/2015,1309818.05,0.001359944
04/03/2015,1304131.72,-0.004341313
05/03/2015,1299476.74,-0.003569409
06/03/2015,1292584.57,-0.005303804
07/03/2015,1284847.03,-0.0059861
08/03/2015,1278427.3,-0.004996494
09/03/2015,1277936.61,-0.000383823
10/03/2015,1273957.01,-0.003114082
11/03/2015,1275866.28,0.001498693
12/03/2015,1280618.63,0.003724803
13/03/2015,1283573,0.002306987
14/03/2015,1283293.14,-0.000218032
15/03/2015,1279301.51,-0.003110458
16/03/2015,1269383.26,-0.007752864
17/03/2015,1256977.05,-0.009773415
18/03/2015,1244826.96,-0.009666119
19/03/2015,1234930.54,-0.007950037
20/03/2015,1224498.63,-0.008447366
21/03/2015,1221310.91,-0.002603286
22/03/2015,1217153.01,-0.003404457
23/03/2015,1213791.85,-0.002761493
24/03/2015,1204799.06,-0.00740884
25/03/2015,1197831.07,-0.005783529
26/03/2015,1188541.4,-0.007755409
27/03/2015,1182827.5,-0.004807489
28/03/2015,1177138.9,-0.004809323
29/03/2015,1170959.26,-0.005249712
30/03/2015,1161204.48,-0.008330589
31/03/2015,1151392.79,-0.00844958
01/04/2015,1140781.26,-0.009216255
02/04/2015,1134621.28,-0.005399791
03/04/2015,1135380.64,0.000669263
04/04/2015,1137903.77,0.002222277
05/04/2015,1138265.92,0.000318261
06/04/2015,1141140.09,0.002525043
07/04/2015,1143395.8,0.001976716
08/04/2015,1140154.64,-0.002834679
09/04/2015,1143683.83,0.003095361
10/04/2015,1146149.67,0.00215605
11/04/2015,1148548.89,0.002093287
12/04/2015,1148384.3,-0.000143303
13/04/2015,1151663.26,0.002855281
14/04/2015,1150843.6,-0.000711718
15/04/2015,1146697.62,-0.003602557
16/04/2015,1138449.06,-0.007193317
17/04/2015,1136525.37,-0.001689746
18/04/2015,1130070.29,-0.005679662
19/04/2015,1120897.03,-0.008117424
20/04/2015,1117812.59,-0.00275176
21/04/2015,1121784.65,0.003553422
22/04/2015,1120833.27,-0.000848095
23/04/2015,1120431.82,-0.000358171
24/04/2015,1126610.6,0.005514642
25/04/2015,1129405.59,0.002480884
26/04/2015,1130673.89,0.00112298
27/04/2015,1130211.56,-0.000408898
28/04/2015,1132404.68,0.001940451
29/04/2015,1134068.13,0.001468954
30/04/2015,1139367.7,0.004673061
01/05/2015,1146432.26,0.006200422
02/05/2015,1157119.26,0.009321964
03/05/2015,1165487.69,0.007232124
04/05/2015,1172080.92,0.005657057
05/05/2015,1176185.03,0.003501559
06/05/2015,1179654.93,0.002950131
07/05/2015,1184047.52,0.003723623
08/05/2015,1191660.06,0.006429252
09/05/2015,1194029.19,0.001988092
10/05/2015,1193142.88,-0.000742285
11/05/2015,1191907.03,-0.001035794
12/05/2015,1188269,-0.003052277
13/05/2015,1180872.19,-0.006224862
14/05/2015,1180085.23,-0.000666423
15/05/2015,1183991.88,0.003310481
16/05/2015,1182981.47,-0.000853393
17/05/2015,1186783.67,0.003214082
18/05/2015,1195054.81,0.006969375
19/05/2015,1197039.87,0.001661062
20/05/2015,1198579.22,0.001285964
21/05/2015,1198407.21,-0.000143512
22/05/2015,1197336.06,-0.000893811
23/05/2015,1198565.19,0.001026554
24/05/2015,1207204.64,0.00720816
25/05/2015,1218754.47,0.009567417
26/05/2015,1234831.54,0.013191394
27/05/2015,1246947.63,0.009811938
28/05/2015,1260576.11,0.010929473
29/05/2015,1269700.44,0.007238222
30/05/2015,1280286.82,0.008337699
31/05/2015,1291631.68,0.008861186
01/06/2015,1305154.67,0.010469695
02/06/2015,1315441.13,0.007881411
03/06/2015,1330199.56,0.011219377
04/06/2015,1338729.59,0.006412594
05/06/2015,1339796.46,0.000796927
06/06/2015,1338921.77,-0.000652853
07/06/2015,1335462.16,-0.002583878
08/06/2015,1330981.34,-0.003355258
09/06/2015,1331589.68,0.000457061
10/06/2015,1334229.3,0.001982307
11/06/2015,1333929.46,-0.000224729
12/06/2015,1330430.41,-0.002623115
13/06/2015,1323854.67,-0.004942566
14/06/2015,1314928.32,-0.006742696
15/06/2015,1312465.65,-0.001872855
16/06/2015,1311683.67,-0.00059581
17/06/2015,1315227.75,0.002701932
18/06/2015,1315134.52,-7.08851E-05
19/06/2015,1317448.59,0.001759569
20/06/2015,1312371.09,-0.00385404
21/06/2015,1313113.07,0.000565374
22/06/2015,1312763.81,-0.000265979
23/06/2015,1318053.36,0.004029323
24/06/2015,1324803.87,0.005121576
25/06/2015,1333952.18,0.006905407
26/06/2015,1338805.71,0.003638459
27/06/2015,1347428.34,0.006440539
28/06/2015,1350876.11,0.002558778
29/06/2015,1352582.61,0.001263254
30/06/2015,1353037.36,0.000336209
01/07/2015,1358355.52,0.003930534
02/07/2015,1365072.75,0.004945119
03/07/2015,1375390.56,0.007558432
04/07/2015,1377918.79,0.001838191
05/07/2015,1387918.4,0.007257039
06/07/2015,1396724.34,0.00634471
07/07/2015,1399337.19,0.001870698
08/07/2015,1403984.63,0.003321172
09/07/2015,1416653.44,0.009023468
10/07/2015,1421165.05,0.003184696
11/07/2015,1425108.53,0.002774822
12/07/2015,1436612.71,0.008072494
13/07/2015,1445177.69,0.005961927
14/07/2015,1452199.55,0.004858821
15/07/2015,1466961.68,0.010165359
16/07/2015,1474106.45,0.004870454
17/07/2015,1476731.48,0.00178076
18/07/2015,1478691.82,0.001327486
19/07/2015,1482270.25,0.002419997
20/07/2015,1484774.83,0.001689692
21/07/2015,1497534.72,0.008593822
22/07/2015,1508773.98,0.007505175
23/07/2015,1515737.31,0.004615224
24/07/2015,1515640.47,-6.38897E-05
25/07/2015,1516169.89,0.000349304
26/07/2015,1513382.8,-0.001838244
27/07/2015,1506749.47,-0.004383114
28/07/2015,1503908.6,-0.00188543
29/07/2015,1505789.7,0.001250807
30/07/2015,1502064.66,-0.002473812
31/07/2015,1492502.79,-0.006365818
01/08/2015,1488931.13,-0.002393068
02/08/2015,1487632.81,-0.000871981
03/08/2015,1490662.46,0.002036558
04/08/2015,1496198.1,0.003713544
05/08/2015,1511030.46,0.009913366
06/08/2015,1529473.47,0.012205585
07/08/2015,1546150.52,0.010903785
08/08/2015,1561574.87,0.009975969
09/08/2015,1582697.64,0.013526582
10/08/2015,1598762.45,0.010150271
11/08/2015,1606490.65,0.004833864
12/08/2015,1614085.73,0.004727746
13/08/2015,1622333.35,0.005109778
14/08/2015,1618765.28,-0.002199345
15/08/2015,1612190.64,-0.004061515
16/08/2015,1614366.2,0.001349443
17/08/2015,1617699.28,0.002064637
18/08/2015,1621066.96,0.002081771
19/08/2015,1626265.23,0.003206697
20/08/2015,1638293.06,0.007395983
21/08/2015,1643842.06,0.003387062
22/08/2015,1647287.55,0.002095998
23/08/2015,1649477.26,0.001329282
24/08/2015,1652693.5,0.001949854
25/08/2015,1645107.22,-0.004590252
26/08/2015,1639476.81,-0.003422519
27/08/2015,1643007.78,0.002153718
28/08/2015,1638172.78,-0.002942774
29/08/2015,1638084,-5.41945E-05
30/08/2015,1639071.59,0.000602893
31/08/2015,1640133.77,0.000648038
01/09/2015,1631559.61,-0.00522772
02/09/2015,1624634.26,-0.00424462
03/09/2015,1611144.82,-0.008303063
04/09/2015,1598708.4,-0.007718996
05/09/2015,1579757.44,-0.011853919
06/09/2015,1559715.73,-0.012686574
07/09/2015,1538226.63,-0.013777575
08/09/2015,1525865.89,-0.008035708
09/09/2015,1520574.99,-0.003467474
10/09/2015,1514883.13,-0.003743229
11/09/2015,1514385.7,-0.000328362
12/09/2015,1519191.95,0.003173729
13/09/2015,1520498.85,0.00086026
14/09/2015,1514832.26,-0.003726797
15/09/2015,1509123.53,-0.003768556
16/09/2015,1497314.82,-0.00782488
17/09/2015,1479567.84,-0.011852537
18/09/2015,1466528.2,-0.008813141
19/09/2015,1453846.37,-0.008647519
20/09/2015,1444444.2,-0.0064671
21/09/2015,1441824.79,-0.001813438
22/09/2015,1446162.98,0.003008819
23/09/2015,1445261.33,-0.000623477
24/09/2015,1453238.78,0.005519728
25/09/2015,1460422.61,0.004943324
26/09/2015,1470195.1,0.006691549
27/09/2015,1475754.12,0.003781144
28/09/2015,1480924.55,0.003503585
29/09/2015,1480471.67,-0.000305809
30/09/2015,1485260.68,0.003234787
01/10/2015,1487484.6,0.001497326
02/10/2015,1489391.12,0.001281707
03/10/2015,1493323.08,0.002639978
04/10/2015,1502525.92,0.006162658
05/10/2015,1514982.97,0.008290739
06/10/2015,1529463.56,0.009558253
07/10/2015,1548384.05,0.012370671
08/10/2015,1565347.56,0.010955622
09/10/2015,1581035.21,0.010021832
10/10/2015,1593512.83,0.007892057
11/10/2015,1601510.84,0.005019106
12/10/2015,1610754.47,0.005771819
13/10/2015,1622151.09,0.00707533
14/10/2015,1628651.03,0.004006988
15/10/2015,1635731.94,0.004347715
16/10/2015,1640418.49,0.002865109
17/10/2015,1647368.26,0.004236584
18/10/2015,1656832.53,0.005745085
19/10/2015,1668525.92,0.007057678
20/10/2015,1671021.85,0.001495889
21/10/2015,1672831.73,0.001083098
22/10/2015,1671989.37,-0.000503553
23/10/2015,1660783.26,-0.006702262
24/10/2015,1652304.72,-0.005105145
25/10/2015,1653881.07,0.000954031
26/10/2015,1663988.99,0.006111637
27/10/2015,1677117.28,0.00788965
28/10/2015,1691797.32,0.008753139
29/10/2015,1698861.96,0.004175819
30/10/2015,1705552.09,0.003938007
31/10/2015,1705860.28,0.000180698
01/11/2015,1706031.82,0.000100559
02/11/2015,1707061.21,0.000603383
03/11/2015,1709216.4,0.001262515
04/11/2015,1708361.9,-0.000499937
05/11/2015,1705242.03,-0.001826235
06/11/2015,1691864.75,-0.007844798
07/11/2015,1679305.11,-0.007423548
08/11/2015,1672262.62,-0.004193693
09/11/2015,1659287.87,-0.007758799
10/11/2015,1654912.18,-0.002637089
11/11/2015,1648862.67,-0.003655487
12/11/2015,1641883.73,-0.004232578
13/11/2015,1626620.26,-0.009296316
14/11/2015,1619474.12,-0.004393244
15/11/2015,1607967.83,-0.007104955
16/11/2015,1599156.35,-0.005479886
17/11/2015,1588938.57,-0.006389482
18/11/2015,1586851.88,-0.00131326
19/11/2015,1580722.2,-0.003862793
20/11/2015,1573259.95,-0.004720785
21/11/2015,1570973.8,-0.001453129
22/11/2015,1576475.78,0.003502274
23/11/2015,1576065.42,-0.000260302
24/11/2015,1578075.09,0.001275118
25/11/2015,1579093.97,0.000645647
26/11/2015,1573292.59,-0.003673866
27/11/2015,1571135.43,-0.001371112
28/11/2015,1578473.02,0.004670247
29/11/2015,1582633.98,0.002636067
30/11/2015,1582744.29,6.97003E-05
01/12/2015,1585538.31,0.001765301
02/12/2015,1586410.77,0.000550261
03/12/2015,1587078.52,0.000420919
04/12/2015,1584946.19,-0.001343557
05/12/2015,1582659.55,-0.001442724
06/12/2015,1577437.95,-0.003299257
07/12/2015,1571282.3,-0.003902309
08/12/2015,1559800.87,-0.007307045
09/12/2015,1557735.83,-0.001323913
10/12/2015,1557907.73,0.000110352
11/12/2015,1565042.79,0.004579899
12/12/2015,1570069.42,0.003211816
13/12/2015,1568302.96,-0.001125084
14/12/2015,1556317.35,-0.007642407
15/12/2015,1544862.23,-0.007360401
16/12/2015,1528457.87,-0.010618656
17/12/2015,1510794.55,-0.011556302
18/12/2015,1496819.69,-0.009250007
19/12/2015,1488137.04,-0.005800732
20/12/2015,1484061.02,-0.002739008
21/12/2015,1482402.14,-0.001117798
22/12/2015,1480351.59,-0.001383262
23/12/2015,1475024.82,-0.003598314
24/12/2015,1464451.48,-0.007168245
25/12/2015,1453675.04,-0.007358687
26/12/2015,1447760.63,-0.004068592
27/12/2015,1440759.24,-0.004836014
28/12/2015,1443113.95,0.001634354
29/12/2015,1448976.45,0.004062396
30/12/2015,1451376.84,0.001656611
31/12/2015,1450562.2,-0.000561288
01/01/2016,1448874.13,-0.001163735
02/01/2016,1440773.46,-0.00559101
03/01/2016,1432876.48,-0.00548107
04/01/2016,1425528.97,-0.005127804
05/01/2016,1419172.77,-0.004458836
06/01/2016,1415195.72,-0.002802372
07/01/2016,1415700.82,0.000356912
08/01/2016,1418556.3,0.002017008
09/01/2016,1417784.38,-0.000544159
10/01/2016,1409733.43,-0.005678543
11/01/2016,1401067.56,-0.006147169
12/01/2016,1394476.68,-0.004704184
13/01/2016,1385558.34,-0.006395474
14/01/2016,1378106.37,-0.005378316
15/01/2016,1378018.97,-6.34204E-05
16/01/2016,1377147.45,-0.000632444
17/01/2016,1374407.14,-0.001989845
18/01/2016,1376424.47,0.001467782
19/01/2016,1384191.67,0.005643027
20/01/2016,1385363.95,0.000846906
21/01/2016,1388646.43,0.002369399
22/01/2016,1394598.35,0.004286131
23/01/2016,1402476,0.005648687
24/01/2016,1407564.75,0.003628404
25/01/2016,1421535.75,0.009925654
26/01/2016,1430018.02,0.005966976
27/01/2016,1432871.12,0.00199515
28/01/2016,1433398.38,0.000367974
29/01/2016,1429718.07,-0.002567542
30/01/2016,1425847.43,-0.002707275
31/01/2016,1431592.7,0.004029372
01/02/2016,1440829.01,0.006451772
02/02/2016,1446638.51,0.004032054
03/02/2016,1455240.34,0.005946081
04/02/2016,1456210.31,0.000666536
05/02/2016,1451181.63,-0.003453265
06/02/2016,1447955.54,-0.002223078
07/02/2016,1440117.64,-0.005413081
08/02/2016,1430009.31,-0.0070191
09/02/2016,1419254.51,-0.00752079
10/02/2016,1408595.44,-0.00751033
11/02/2016,1395219.17,-0.009496176
12/02/2016,1384798.85,-0.00746859
13/02/2016,1375302.55,-0.00685753
14/02/2016,1371756.97,-0.002578036
15/02/2016,1373521.86,0.001286591
16/02/2016,1371927.53,-0.001160761
17/02/2016,1377361.29,0.003960676
18/02/2016,1387279.68,0.007201008
19/02/2016,1394739.54,0.00537733
20/02/2016,1401101.44,0.004561353
21/02/2016,1405105.03,0.002857459
22/02/2016,1408377.77,0.002329178
23/02/2016,1415985.11,0.005401491
24/02/2016,1426937.06,0.007734509
25/02/2016,1430939.42,0.002804861
26/02/2016,1443838.07,0.009014113
27/02/2016,1449751.83,0.004095861
28/02/2016,1453878.03,0.002846142
29/02/2016,1449601.73,-0.002941306
01/03/2016,1451395.58,0.001237478
02/03/2016,1452720.84,0.000913094
03/03/2016,1456144.88,0.002356984
04/03/2016,1455577.08,-0.000389934
05/03/2016,1463756.94,0.005619668
06/03/2016,1466632.33,0.00196439
07/03/2016,1466341.91,-0.000198018
08/03/2016,1471553.53,0.003554164
09/03/2016,1472321.02,0.000521551
10/03/2016,1474809.43,0.001690127
11/03/2016,1476331.51,0.001032052
12/03/2016,1476887.8,0.000376806
13/03/2016,1477646.93,0.000514007
14/03/2016,1486378.89,0.005909368
15/03/2016,1493905.41,0.005063662
16/03/2016,1500432.35,0.004369045
17/03/2016,1501541.6,0.000739287
18/03/2016,1495292.87,-0.004161543
19/03/2016,1481397.33,-0.009292855
20/03/2016,1468347.62,-0.008809055
21/03/2016,1463690.49,-0.003171681
22/03/2016,1462048.08,-0.001122102
23/03/2016,1457503.4,-0.003108434
24/03/2016,1453872.4,-0.002491246
25/03/2016,1447787.11,-0.004185574
26/03/2016,1439381.86,-0.005805584
27/03/2016,1431850.75,-0.005232183
28/03/2016,1426506.72,-0.003732254
29/03/2016,1429542.56,0.002128164
30/03/2016,1435449.94,0.004132357
31/03/2016,1441080.87,0.003922763
01/04/2016,1444825.4,0.002598418
02/04/2016,1446028.18,0.000832474
03/04/2016,1447604.65,0.001090207
04/04/2016,1448155.98,0.000380857
05/04/2016,1446140.55,-0.001391722
06/04/2016,1442128.05,-0.002774627
07/04/2016,1442344.38,0.000150007
08/04/2016,1438324.14,-0.002787296
09/04/2016,1425166.36,-0.009147994
10/04/2016,1412825.02,-0.008659579
11/04/2016,1400796.32,-0.008513935
12/04/2016,1385299.65,-0.011062758
13/04/2016,1366115.07,-0.013848686
14/04/2016,1355716.53,-0.00761176
15/04/2016,1350443.97,-0.003889132
16/04/2016,1346715.94,-0.002760596
17/04/2016,1347214.45,0.000370167
18/04/2016,1348417.56,0.000893035
19/04/2016,1348834.05,0.000308873
20/04/2016,1346534.07,-0.001705162
21/04/2016,1351337.04,0.003566913
22/04/2016,1355267,0.002908201
23/04/2016,1363827.78,0.006316674
24/04/2016,1367524.34,0.00271043
25/04/2016,1375326.62,0.005705405
26/04/2016,1374298.3,-0.000747691
27/04/2016,1372283.31,-0.001466196
28/04/2016,1369611.82,-0.001946748
29/04/2016,1363826.94,-0.004223737
30/04/2016,1348833.64,-0.01099355
01/05/2016,1334902.67,-0.01032816
02/05/2016,1327452.65,-0.005580946
03/05/2016,1316573.99,-0.00819514
04/05/2016,1313394.5,-0.002414973
05/05/2016,1310556.17,-0.002161064
06/05/2016,1308056.2,-0.001907564
07/05/2016,1306602.76,-0.001111145
08/05/2016,1306666.51,4.87907E-05
09/05/2016,1308929.67,0.00173201
10/05/2016,1315097.12,0.004711827
11/05/2016,1321821.43,0.005113166
12/05/2016,1328450.61,0.005015186
13/05/2016,1337298.95,0.006660647
14/05/2016,1344226.41,0.005180188
15/05/2016,1355502.85,0.008388795
16/05/2016,1375133.57,0.014482242
17/05/2016,1389855.4,0.010705745
18/05/2016,1406470.79,0.011954762
19/05/2016,1425676.58,0.013655307
20/05/2016,1444423.74,0.013149658
21/05/2016,1455253.67,0.007497751
22/05/2016,1461035.48,0.00397306
23/05/2016,1460910.26,-8.57063E-05
24/05/2016,1450917.74,-0.006839927
25/05/2016,1436073.89,-0.010230663
26/05/2016,1429619.66,-0.004494358
27/05/2016,1430527.76,0.000635204
28/05/2016,1431367.2,0.000586804
29/05/2016,1430724.59,-0.000448948
30/05/2016,1432709.77,0.001387535
31/05/2016,1427587.72,-0.003575079
01/06/2016,1423977.78,-0.002528699
02/06/2016,1423366.15,-0.000429522
03/06/2016,1427958.7,0.003226542
04/06/2016,1433992.31,0.004225339
05/06/2016,1440222.98,0.004344981
06/06/2016,1440840.74,0.000428934
07/06/2016,1440534.22,-0.000212737
08/06/2016,1437380.52,-0.002189257
09/06/2016,1431855.62,-0.003843728
10/06/2016,1424517.18,-0.005125126
11/06/2016,1419638.7,-0.003424655
12/06/2016,1409660.06,-0.007029
13/06/2016,1400556.02,-0.006458323
14/06/2016,1387658.56,-0.009208814
15/06/2016,1374645.91,-0.009377415
16/06/2016,1365743.09,-0.006476446
17/06/2016,1363158.63,-0.001892347
18/06/2016,1363084.02,-5.47332E-05
19/06/2016,1362806.04,-0.000203935
20/06/2016,1361837.46,-0.000710725
21/06/2016,1351271.55,-0.007758569
22/06/2016,1335972.16,-0.011322217
23/06/2016,1317821.73,-0.013585934
24/06/2016,1307763.53,-0.007632444
25/06/2016,1302696.36,-0.003874684
26/06/2016,1297545.33,-0.003954129
27/06/2016,1298209.04,0.000511512
28/06/2016,1304528.36,0.004867721
29/06/2016,1304960.67,0.000331392
30/06/2016,1299753.62,-0.003990197
01/07/2016,1304339.23,0.003528061
02/07/2016,1304378.92,3.04292E-05
03/07/2016,1297477.95,-0.005290618
04/07/2016,1294759.5,-0.00209518
05/07/2016,1295427.36,0.000515818
06/07/2016,1290309.86,-0.003950434
07/07/2016,1282223.74,-0.006266805
08/07/2016,1281557.09,-0.000519917
09/07/2016,1277024.32,-0.003536924
10/07/2016,1272725.96,-0.003365919
11/07/2016,1271268.79,-0.00114492
12/07/2016,1275129.8,0.003037131
13/07/2016,1270772.66,-0.003417017
14/07/2016,1265671.15,-0.004014495
15/07/2016,1263288.96,-0.001882156
16/07/2016,1256763.12,-0.005165754
17/07/2016,1246292.9,-0.008331101
18/07/2016,1236676.66,-0.007715875
19/07/2016,1231363.19,-0.004296572
20/07/2016,1220733.34,-0.008632587
21/07/2016,1213769.93,-0.005704284
22/07/2016,1212646.65,-0.000925447
23/07/2016,1216709.35,0.003350275
24/07/2016,1215268.12,-0.001184531
25/07/2016,1213970.46,-0.001067797
26/07/2016,1207311.2,-0.005485521
27/07/2016,1201018.6,-0.005212078
28/07/2016,1193929.08,-0.005902923
29/07/2016,1189669.4,-0.003567783
30/07/2016,1186068.03,-0.003027202
31/07/2016,1188014.84,0.001641398
01/08/2016,1189623.23,0.001353847
02/08/2016,1189566.76,-4.74688E-05
03/08/2016,1188424.75,-0.000960022
04/08/2016,1187051.72,-0.001155336
05/08/2016,1184314.82,-0.002305628
06/08/2016,1183424.96,-0.000751371
07/08/2016,1179743.33,-0.003110996
08/08/2016,1180975.04,0.001044049
09/08/2016,1182616.67,0.001390063
10/08/2016,1181776.61,-0.00071034
11/08/2016,1176622.72,-0.004361137
12/08/2016,1176388.59,-0.000198985
13/08/2016,1172534.49,-0.003276213
14/08/2016,1167660.02,-0.004157208
15/08/2016,1163783.63,-0.003319793
16/08/2016,1163801.52,1.53723E-05
17/08/2016,1164016.8,0.00018498
18/08/2016,1162365.27,-0.00141882
19/08/2016,1166065.46,0.003183328
20/08/2016,1168544.13,0.00212567
21/08/2016,1170296.28,0.00149943
22/08/2016,1170812.1,0.00044076
23/08/2016,1174597.68,0.003233294
24/08/2016,1179028.03,0.003771802
25/08/2016,1184935.2,0.005010203
26/08/2016,1190829.95,0.004974745
27/08/2016,1192474.38,0.001380911
28/08/2016,1188818.77,-0.003065567
29/08/2016,1183118.48,-0.004794919
30/08/2016,1182248.66,-0.000735193
31/08/2016,1178681.65,-0.00301714
01/09/2016,1183582.55,0.004157951
02/09/2016,1193118.89,0.008057182
03/09/2016,1202162.86,0.007580108
04/09/2016,1207684.85,0.004593379
05/09/2016,1214793.05,0.005885807
06/09/2016,1217407.89,0.002152498
07/09/2016,1216496.96,-0.000748254
08/09/2016,1211805.95,-0.003856163
09/09/2016,1207905.67,-0.003218568
10/09/2016,1200748.16,-0.005925554
11/09/2016,1191161.94,-0.007983539
12/09/2016,1181431.51,-0.008168856
13/09/2016,1176351.47,-0.004299902
14/09/2016,1171880.35,-0.003800837
15/09/2016,1172678.13,0.000680769
16/09/2016,1178850.55,0.005263524
17/09/2016,1187595.79,0.007418447
18/09/2016,1190873.29,0.002759777
19/09/2016,1188161.19,-0.002277404
20/09/2016,1182555.25,-0.004718165
21/09/2016,1170591.66,-0.010116728
22/09/2016,1159167.37,-0.009759415
23/09/2016,1156527.6,-0.002277298
24/09/2016,1158937.39,0.002083642
25/09/2016,1160314.49,0.001188244
26/09/2016,1166004.42,0.004903783
27/09/2016,1173707.16,0.006606098
28/09/2016,1176410.87,0.002303564
29/09/2016,1178426.24,0.001713151
30/09/2016,1183918.77,0.004660903
01/10/2016,1187715.91,0.003207264
02/10/2016,1194071.67,0.005351246
03/10/2016,1199929.62,0.004905861
04/10/2016,1205693.23,0.00480329
05/10/2016,1203517.71,-0.001804373
06/10/2016,1205541.25,0.001681355
07/10/2016,1202100.08,-0.002854461
08/10/2016,1198010.04,-0.003402412
09/10/2016,1196937.43,-0.000895326
10/10/2016,1196820.16,-9.7975E-05
11/10/2016,1194787.57,-0.001698325
12/10/2016,1191939.11,-0.002384072
13/10/2016,1194364.16,0.002034542
14/10/2016,1192359.88,-0.001678115
15/10/2016,1196212.16,0.003230803
16/10/2016,1200776.26,0.00381546
17/10/2016,1202827.47,0.001708237
18/10/2016,1197388.98,-0.004521422
19/10/2016,1194782.61,-0.002176711
20/10/2016,1190134.34,-0.003890473
21/10/2016,1184552.65,-0.004689966
22/10/2016,1183747.79,-0.000679463
23/10/2016,1184073.51,0.00027516
24/10/2016,1183657.34,-0.000351473
25/10/2016,1180279.98,-0.002853326
26/10/2016,1172336.45,-0.006730208
27/10/2016,1161222.48,-0.009480188
28/10/2016,1150294.43,-0.009410815
29/10/2016,1136524.93,-0.011970414
30/10/2016,1129050.68,-0.006576407
31/10/2016,1127395.98,-0.001465568
01/11/2016,1128074.3,0.00060167
02/11/2016,1132834.46,0.004219722
03/11/2016,1140744.21,0.006982265
04/11/2016,1144517.22,0.003307499
05/11/2016,1143113.85,-0.001226168
06/11/2016,1142459.44,-0.00057248
07/11/2016,1136288.13,-0.005401776
08/11/2016,1130564.66,-0.005036988
09/11/2016,1123328.22,-0.006400731
10/11/2016,1119930.47,-0.003024717
11/11/2016,1120254.98,0.000289759
12/11/2016,1128262.81,0.007148221
13/11/2016,1131268.5,0.002663998
14/11/2016,1133307.46,0.001802366
15/11/2016,1134035.29,0.000642218
16/11/2016,1131064.41,-0.002619742
17/11/2016,1125708.55,-0.004735239
18/11/2016,1124090.26,-0.001437575
19/11/2016,1126550.94,0.002189041
20/11/2016,1130608.93,0.003602136
21/11/2016,1134515.07,0.003454899
22/11/2016,1134189.29,-0.000287154
23/11/2016,1132296.72,-0.001668654
24/11/2016,1129161.48,-0.002768921
25/11/2016,1121658.84,-0.006644435
26/11/2016,1113432.31,-0.007334253
27/11/2016,1105238.69,-0.007358885
28/11/2016,1098535.11,-0.006065278
29/11/2016,1090446.97,-0.00736266
30/11/2016,1086419.89,-0.003693054
01/12/2016,1085047.1,-0.001263591
02/12/2016,1090938.97,0.005430059
03/12/2016,1096511.31,0.005107838
04/12/2016,1099901.69,0.00309197
05/12/2016,1099820.08,-7.41975E-05
06/12/2016,1096720.45,-0.002818306
07/12/2016,1089794.44,-0.006315201
08/12/2016,1084484.76,-0.004872185
09/12/2016,1081015.18,-0.003199289
10/12/2016,1080600.85,-0.000383279
11/12/2016,1082632.24,0.001879871
12/12/2016,1087710.02,0.004690217
13/12/2016,1093203.69,0.005050675
14/12/2016,1103885.89,0.009771464
15/12/2016,1110353.13,0.005858613
16/12/2016,1111822.79,0.001323597
17/12/2016,1107887.5,-0.003539494
18/12/2016,1105317.12,-0.002320073
19/12/2016,1100994.01,-0.003911194
20/12/2016,1103716.97,0.002473183
21/12/2016,1111221.92,0.006799705
22/12/2016,1123722.11,0.011249049
23/12/2016,1134890.16,0.009938445
24/12/2016,1141073.96,0.005448809
25/12/2016,1143072.47,0.001751429
26/12/2016,1146169.29,0.002709207
27/12/2016,1143500.04,-0.002328844
28/12/2016,1141166.17,-0.002040988
29/12/2016,1138227.78,-0.002574901
30/12/2016,1134805.04,-0.003007078
31/12/2016,1126629.54,-0.007204321
01/01/2017,1121030.16,-0.004970028
02/01/2017,1116307.2,-0.004213053
03/01/2017,1118500.65,0.001964916
04/01/2017,1121273.42,0.002479006
05/01/2017,1122532.4,0.001122813
06/01/2017,1126072.37,0.003153557
07/01/2017,1124329.01,-0.001548178
08/01/2017,1122711.26,-0.001438858
09/01/2017,1117912.45,-0.004274305
10/01/2017,1121018,0.00277799
11/01/2017,1125043.5,0.003590933
12/01/2017,1128901.57,0.003429263
13/01/2017,1131346.23,0.002165521
14/01/2017,1134910.95,0.003150866
15/01/2017,1132182.1,-0.002404462
16/01/2017,1122342.47,-0.008690855
17/01/2017,1119316,-0.002696566
18/01/2017,1119304.01,-1.07119E-05
19/01/2017,1124027.49,0.004220015
20/01/2017,1133486.27,0.008415079
21/01/2017,1145959.69,0.011004474
22/01/2017,1156041.25,0.008797482
23/01/2017,1158237.48,0.001899785
24/01/2017,1159436.21,0.00103496
25/01/2017,1159377.41,-5.07143E-05
26/01/2017,1155960.82,-0.002946918
27/01/2017,1149845.97,-0.005289842
28/01/2017,1151118.96,0.001107096
29/01/2017,1152080.98,0.000835726
30/01/2017,1153002.27,0.000799675
31/01/2017,1156088.57,0.002676751
01/02/2017,1164441.86,0.007225476
02/02/2017,1169838.5,0.004634529
03/02/2017,1177978.92,0.006958584
04/02/2017,1180803.23,0.00239759
05/02/2017,1188266.8,0.006320757
06/02/2017,1191864.48,0.00302767
07/02/2017,1198858.47,0.005868108
08/02/2017,1200409.31,0.001293597
09/02/2017,1202635.31,0.001854367
10/02/2017,1204192.4,0.001294732
11/02/2017,1208507.82,0.003583663
12/02/2017,1212664.2,0.003439266
13/02/2017,1220529.9,0.006486297
14/02/2017,1234693.67,0.011604607
15/02/2017,1244068.67,0.007592976
16/02/2017,1254481.59,0.008370052
17/02/2017,1261226,0.005376253
18/02/2017,1267858.13,0.005258479
19/02/2017,1276637.16,0.0069243
20/02/2017,1285039.26,0.006581431
21/02/2017,1288802.3,0.002928346
22/02/2017,1290979.61,0.001689406
23/02/2017,1296187.39,0.004033975
24/02/2017,1299471.68,0.002533808
25/02/2017,1308204.02,0.006719916
26/02/2017,1317718.49,0.007272925
27/02/2017,1324200.81,0.004919351
28/02/2017,1322467.79,-0.001308729
01/03/2017,1313000.77,-0.007158602
02/03/2017,1299202.88,-0.010508669
03/03/2017,1285819.36,-0.010301332
04/03/2017,1273357.61,-0.00969168
05/03/2017,1266167.51,-0.005646568
06/03/2017,1262180.69,-0.00314873
07/03/2017,1258291.9,-0.003081009
08/03/2017,1254755.24,-0.002810683
09/03/2017,1257089.98,0.001860713
10/03/2017,1253732.24,-0.002671042
11/03/2017,1247967.02,-0.004598446
12/03/2017,1247882.27,-6.79104E-05
13/03/2017,1247262.46,-0.000496689
14/03/2017,1242741.97,-0.003624329
15/03/2017,1245525.15,0.002239548
16/03/2017,1251938.19,0.005148864
17/03/2017,1259631.95,0.006145479
18/03/2017,1272389.92,0.010128332
19/03/2017,1287778.06,0.012093887
20/03/2017,1295410.92,0.005927155
21/03/2017,1306149.94,0.008290049
22/03/2017,1309529.1,0.002587115
23/03/2017,1305271.12,-0.003251535
24/03/2017,1295800.69,-0.007255527
25/03/2017,1293172.46,-0.002028267
26/03/2017,1286613.85,-0.005071721
27/03/2017,1287011.13,0.00030878
28/03/2017,1291154.79,0.003219599
29/03/2017,1303244.79,0.009363711
30/03/2017,1317709.61,0.011099081
31/03/2017,1334397.79,0.012664535
01/04/2017,1341986.77,0.005687195
02/04/2017,1350716.68,0.006505213
03/04/2017,1355599.19,0.003614755
04/04/2017,1357167.66,0.001157031
05/04/2017,1360979.03,0.002808327
06/04/2017,1371644.85,0.007836873
07/04/2017,1377495.43,0.004265375
08/04/2017,1385588.04,0.005874872
09/04/2017,1390772.02,0.003741357
10/04/2017,1394634.84,0.002777465
11/04/2017,1396932.35,0.001647392
12/04/2017,1397954.76,0.000731897
13/04/2017,1397669.42,-0.000204112
14/04/2017,1394632.85,-0.002172595
15/04/2017,1387742.91,-0.004940325
16/04/2017,1383570.3,-0.00300676
17/04/2017,1379735.89,-0.002771388
18/04/2017,1370093.59,-0.006988511
19/04/2017,1361056.78,-0.006595761
20/04/2017,1353304.83,-0.005695538
21/04/2017,1339862.93,-0.009932648
22/04/2017,1325300.3,-0.010868746
23/04/2017,1313148.83,-0.009168843
24/04/2017,1306286.69,-0.005225714
25/04/2017,1303800.16,-0.00190351
26/04/2017,1302376.58,-0.00109187
27/04/2017,1308389.86,0.004617159
28/04/2017,1312984.49,0.003511667
29/04/2017,1313941.28,0.000728714
30/04/2017,1309227.39,-0.003587596
01/05/2017,1304587.42,-0.003544052
02/05/2017,1292223.1,-0.009477571
03/05/2017,1288151.09,-0.003151166
04/05/2017,1283438.09,-0.003658732
05/05/2017,1280263.55,-0.002473466
06/05/2017,1283787.86,0.0027528
07/05/2017,1286863.48,0.002395738
08/05/2017,1284521.23,-0.001820123
09/05/2017,1285652.29,0.00088053
10/05/2017,1283799.06,-0.001441471
11/05/2017,1278093.73,-0.004444099
12/05/2017,1279364.69,0.000994418
13/05/2017,1277504.96,-0.001453636
14/05/2017,1271920.46,-0.004371412
15/05/2017,1270621.93,-0.001020921
16/05/2017,1265864.03,-0.003744544
17/05/2017,1258236.11,-0.00602586
18/05/2017,1252077.52,-0.004894622
19/05/2017,1250363.82,-0.001368685
20/05/2017,1250815.18,0.000360983
21/05/2017,1249885.25,-0.000743459
22/05/2017,1248400.26,-0.001188101
23/05/2017,1250900.31,0.002002603
24/05/2017,1249660.05,-0.000991494
25/05/2017,1243271.34,-0.005112358
26/05/2017,1235909.85,-0.005921065
27/05/2017,1227266.26,-0.006993706
28/05/2017,1215732.01,-0.009398327
29/05/2017,1203308.3,-0.010219119
30/05/2017,1189338.22,-0.011609726
31/05/2017,1175231.24,-0.011861201
01/06/2017,1163608.45,-0.00988979
02/06/2017,1157597.69,-0.005165621
03/06/2017,1156560.38,-0.000896089
04/06/2017,1158044.68,0.001283374
05/06/2017,1166190.51,0.007034124
06/06/2017,1172275.11,0.005217501
07/06/2017,1169551.81,-0.00232309
08/06/2017,1163457.47,-0.005210834
09/06/2017,1158316.16,-0.004418993
10/06/2017,1151677.95,-0.005730914
11/06/2017,1143115.51,-0.007434752
12/06/2017,1138805.59,-0.003770328
13/06/2017,1135465.27,-0.002933178
14/06/2017,1129566.09,-0.005195386
15/06/2017,1118855.57,-0.009481977
16/06/2017,1114601.49,-0.003802171
17/06/2017,1111335.09,-0.002930554
18/06/2017,1110095.58,-0.001115334
19/06/2017,1108161.77,-0.001742021
20/06/2017,1109727.13,0.001412574
21/06/2017,1107715.54,-0.001812689
22/06/2017,1108612.22,0.000809486
23/06/2017,1103897.43,-0.004252876
24/06/2017,1104875.65,0.000886151
25/06/2017,1106558.83,0.001523411
26/06/2017,1108165.85,0.001452268
27/06/2017,1106862.7,-0.001175952
28/06/2017,1105403.2,-0.001318592
29/06/2017,1104481.38,-0.000833922
30/06/2017,1101840.46,-0.002391095
01/07/2017,1105060.95,0.002922828
02/07/2017,1111099.51,0.005464459
03/07/2017,1120135.16,0.00813217
04/07/2017,1124376.36,0.003786329
05/07/2017,1128430.18,0.003605394
06/07/2017,1131977.22,0.00314334
07/07/2017,1133918.92,0.001715317
08/07/2017,1138160.93,0.003741017
09/07/2017,1147165.69,0.007911676
10/07/2017,1158791.76,0.010134604
11/07/2017,1168616.95,0.008478823
12/07/2017,1173567.01,0.004235828
13/07/2017,1174341.12,0.000659621
14/07/2017,1176239.27,0.001616353
15/07/2017,1178054.33,0.001543104
16/07/2017,1180747.59,0.002286193
17/07/2017,1190914.71,0.008610748
18/07/2017,1206005.47,0.012671571
19/07/2017,1217999.88,0.009945568
20/07/2017,1229950.79,0.009811914
21/07/2017,1235473.31,0.004490033
22/07/2017,1232835.52,-0.002135044
23/07/2017,1225740.58,-0.005754977
24/07/2017,1218993.18,-0.005504754
25/07/2017,1210832.25,-0.006694812
26/07/2017,1202884.1,-0.006564204
27/07/2017,1197936.76,-0.004112898
28/07/2017,1198754.42,0.000682557
29/07/2017,1195167.54,-0.002992172
30/07/2017,1192942.35,-0.001861823
31/07/2017,1194113.33,0.00098159
01/08/2017,1198383.83,0.003576294
02/08/2017,1194493.05,-0.003246689
03/08/2017,1192978.19,-0.001268203
04/08/2017,1190046.73,-0.002457262
05/08/2017,1183095.31,-0.0058413
06/08/2017,1169884.66,-0.011166176
07/08/2017,1164862.63,-0.004292757
08/08/2017,1164402.07,-0.000395377
09/08/2017,1163830.87,-0.000490552
10/08/2017,1165195.24,0.00117231
11/08/2017,1170999.68,0.004981517
12/08/2017,1178017.47,0.005992991
13/08/2017,1177188.13,-0.000704013
14/08/2017,1177942.56,0.000640875
15/08/2017,1183460.59,0.004684464
16/08/2017,1184569.43,0.000936947
17/08/2017,1183531.5,-0.000876209
18/08/2017,1190100.57,0.005550397
19/08/2017,1199024.59,0.007498543
20/08/2017,1207784.3,0.007305697
21/08/2017,1222895.33,0.012511365
22/08/2017,1230757.24,0.006428931
23/08/2017,1231714.44,0.000777733
24/08/2017,1234518.59,0.002276623
25/08/2017,1238293.88,0.003058107
26/08/2017,1240173.12,0.001517604
27/08/2017,1249222.21,0.007296635
28/08/2017,1257181.69,0.006371549
29/08/2017,1260348.81,0.002519222
30/08/2017,1261656.3,0.001037403
31/08/2017,1259696.87,-0.001553062
01/09/2017,1254157.33,-0.004397518
02/09/2017,1253810.15,-0.000276823
03/09/2017,1256518.97,0.002160471
04/09/2017,1259950.47,0.002730958
05/09/2017,1269259.89,0.007388719
06/09/2017,1282356.63,0.010318407
07/09/2017,1298220.54,0.012370903
08/09/2017,1308765.62,0.008122719
09/09/2017,1318363.33,0.007333406
10/09/2017,1327829.24,0.007180046
11/09/2017,1334884.38,0.005313289
12/09/2017,1342658.46,0.005823785
13/09/2017,1350961.74,0.006184209
14/09/2017,1353152.79,0.001621845
15/09/2017,1348869.13,-0.003165688
16/09/2017,1341464.74,-0.005489332
17/09/2017,1331756.95,-0.007236709
18/09/2017,1320580.52,-0.008392245
19/09/2017,1318076.57,-0.001896098
20/09/2017,1318801.32,0.000549854
21/09/2017,1323933.51,0.003891557
22/09/2017,1328469.37,0.003426048
23/09/2017,1340840.48,0.009312304
24/09/2017,1347623.37,0.005058685
25/09/2017,1349113.56,0.001105791
26/09/2017,1351448.31,0.001730581
27/09/2017,1349863.44,-0.00117272
28/09/2017,1348033.94,-0.001355322
29/09/2017,1348552.94,0.000385005
30/09/2017,1357882.83,0.006918445
01/10/2017,1365454.54,0.005576114
02/10/2017,1378499.68,0.009553698
03/10/2017,1390103.53,0.008417739
04/10/2017,1400396.04,0.007404132
05/10/2017,1402211.5,0.00129639
06/10/2017,1403670.09,0.001040207
07/10/2017,1399733.5,-0.002804498
08/10/2017,1392192.93,-0.005387147
09/10/2017,1389802.14,-0.001717284
10/10/2017,1387769.24,-0.001462726
11/10/2017,1384807.06,-0.00213449
12/10/2017,1384928.43,8.7644E-05
13/10/2017,1384215.82,-0.000514546
14/10/2017,1380458.91,-0.002714107
15/10/2017,1379732.84,-0.000525963
16/10/2017,1378793.41,-0.000680878
17/10/2017,1377443.65,-0.000978943
18/10/2017,1381189.54,0.002719451
19/10/2017,1378427.15,-0.002000008
20/10/2017,1380108.32,0.001219629
21/10/2017,1380110.17,1.34047E-06
22/10/2017,1376077.81,-0.002921767
23/10/2017,1369911.82,-0.004480844
24/10/2017,1370088.91,0.000129271
25/10/2017,1363464.32,-0.004835153
26/10/2017,1360384.61,-0.002258739
27/10/2017,1358412.65,-0.001449561
28/10/2017,1351245.34,-0.005276239
29/10/2017,1346709.13,-0.003357059
30/10/2017,1344134.44,-0.001911838
31/10/2017,1339547.74,-0.003412382
01/11/2017,1340633.89,0.000810833
02/11/2017,1349419.07,0.006553005
03/11/2017,1357638.28,0.006090925
04/11/2017,1363406.2,0.004248495
05/11/2017,1365045,0.00120199
06/11/2017,1361884.92,-0.002315001
07/11/2017,1349924.26,-0.008782431
08/11/2017,1337872.02,-0.008928086
09/11/2017,1327168.31,-0.008000549
10/11/2017,1325310.97,-0.001399476
11/11/2017,1328430.64,0.002353915
12/11/2017,1339620.06,0.008423037
13/11/2017,1342964.85,0.00249682
14/11/2017,1351613,0.006439595
15/11/2017,1359717.72,0.005996332
16/11/2017,1368913.5,0.006763007
17/11/2017,1378636.42,0.007102655
18/11/2017,1398232.14,0.014213842
19/11/2017,1419647.68,0.015316155
20/11/2017,1438619.28,0.013363597
21/11/2017,1450164.54,0.008025237
22/11/2017,1456086.52,0.004083661
23/11/2017,1454862.14,-0.00084087
24/11/2017,1453126.06,-0.001193295
25/11/2017,1449104.57,-0.002767475
26/11/2017,1446577.38,-0.001743967
27/11/2017,1451340.47,0.003292662
28/11/2017,1457566.64,0.004289944
29/11/2017,1457388.91,-0.000121936
30/11/2017,1463933.76,0.004490805
01/12/2017,1477337.86,0.00915622
02/12/2017,1487243.28,0.006704912
03/12/2017,1498958.68,0.007877259
04/12/2017,1514140.76,0.010128418
05/12/2017,1521564.63,0.004903025
06/12/2017,1518646.26,-0.001918006
07/12/2017,1515488.4,-0.002079391
08/12/2017,1507074.38,-0.005552019
09/12/2017,1497108.1,-0.006612998
10/12/2017,1488658.35,-0.005644048
11/12/2017,1488293.84,-0.000244858
12/12/2017,1482808.62,-0.003685576
13/12/2017,1483023.4,0.000144847
14/12/2017,1489881.16,0.004624175
15/12/2017,1495498.2,0.003770126
16/12/2017,1499254.06,0.002511444
17/12/2017,1508802.01,0.006368467
18/12/2017,1518116.6,0.006173501
19/12/2017,1520628.02,0.0016543
20/12/2017,1526596.39,0.003924938
21/12/2017,1527912.33,0.000862009
22/12/2017,1526618.98,-0.000846482
23/12/2017,1518446.98,-0.005353006
24/12/2017,1514748.48,-0.002435712
25/12/2017,1506625.26,-0.005362752
26/12/2017,1500465.04,-0.004088754
27/12/2017,1489368.71,-0.007395261
28/12/2017,1477835.65,-0.00774359
29/12/2017,1461086.85,-0.011333331
30/12/2017,1448415.33,-0.008672667
31/12/2017,1441598.16,-0.00470664
01/01/2018,1442354.77,0.000524841
02/01/2018,1446404.03,0.002807395
03/01/2018,1448847.75,0.001689514
04/01/2018,1449887.17,0.000717411
05/01/2018,1448723.27,-0.000802752
06/01/2018,1440328.47,-0.005794619
07/01/2018,1435686.27,-0.003223015
08/01/2018,1436571.77,0.000616778
09/01/2018,1435252.37,-0.000918437
10/01/2018,1435796.24,0.000378937
11/01/2018,1437201.5,0.000978732
12/01/2018,1434370.83,-0.001969571
13/01/2018,1428434.31,-0.004138762
14/01/2018,1428076.76,-0.000250309
15/01/2018,1427096.94,-0.000686112
16/01/2018,1425788.25,-0.00091703
17/01/2018,1431657.51,0.004116502
18/01/2018,1441899.59,0.007154002
19/01/2018,1450483.55,0.00595323
20/01/2018,1450140.57,-0.000236459
21/01/2018,1459645.88,0.006554751
22/01/2018,1464223.34,0.003136007
23/01/2018,1465156.82,0.000637526
24/01/2018,1461614.89,-0.002417441
25/01/2018,1458508.75,-0.002125143
26/01/2018,1455299.85,-0.002200124
27/01/2018,1447272.95,-0.005515633
28/01/2018,1439761.53,-0.005190051
29/01/2018,1436961.47,-0.001944808
30/01/2018,1442754.44,0.004031402
31/01/2018,1441124.69,-0.00112961
01/02/2018,1439661.18,-0.001015533
02/02/2018,1432217.87,-0.005170182
03/02/2018,1425650.87,-0.004585196
04/02/2018,1413171.19,-0.008753672
05/02/2018,1405402.46,-0.005497374
06/02/2018,1407218.33,0.001292064
07/02/2018,1418853.79,0.008268411
08/02/2018,1427461.29,0.006066517
09/02/2018,1443644.22,0.011336861
10/02/2018,1451743.69,0.005610434
11/02/2018,1454892.53,0.002169005
12/02/2018,1448793.76,-0.004191904
13/02/2018,1448139.87,-0.000451334
14/02/2018,1444235.11,-0.002696397
15/02/2018,1447041,0.001942821
16/02/2018,1454531.9,0.005176702
17/02/2018,1464210.11,0.006653831
18/02/2018,1473007.44,0.006008243
19/02/2018,1477430.75,0.003002911
20/02/2018,1479191.74,0.001191927
21/02/2018,1472566.67,-0.004478845
22/02/2018,1470650.67,-0.00130113
23/02/2018,1466344.22,-0.002928262
24/02/2018,1468763.58,0.001649926
25/02/2018,1475332.08,0.004472129
26/02/2018,1487775.89,0.008434582
27/02/2018,1494543.7,0.004548945
28/02/2018,1504963.14,0.006971653
01/03/2018,1509715.8,0.003157991
02/03/2018,1509450.16,-0.000175954
03/03/2018,1505358.73,-0.002710543
04/03/2018,1506172.08,0.000540303
05/03/2018,1503842.14,-0.001546928
06/03/2018,1503184.62,-0.000437227
07/03/2018,1510004.3,0.004536821
08/03/2018,1522459.87,0.008248698
09/03/2018,1531724.56,0.006085343
10/03/2018,1543801.46,0.007884512
11/03/2018,1560372.58,0.010733971
12/03/2018,1572170.38,0.007560887
13/03/2018,1577576.67,0.003438743
14/03/2018,1579879.93,0.001459999
15/03/2018,1571999.46,-0.004988018
16/03/2018,1564891.95,-0.004521318
17/03/2018,1552799.29,-0.007727473
18/03/2018,1546596.48,-0.003994599
19/03/2018,1548778.44,0.001410814
20/03/2018,1554611.5,0.003766233
21/03/2018,1549183.58,-0.003491496
22/03/2018,1548408.71,-0.00050018
23/03/2018,1549807.75,0.000903534
24/03/2018,1552980.71,0.002047325
25/03/2018,1552578.68,-0.000258876
26/03/2018,1560684.04,0.005220579
27/03/2018,1568150.58,0.004784146
28/03/2018,1572670.57,0.00288237
29/03/2018,1572455.62,-0.000136678
30/03/2018,1572951.67,0.000315462
31/03/2018,1567098.01,-0.003721449
01/04/2018,1557425.79,-0.006172058
02/04/2018,1550352.52,-0.004541642
03/04/2018,1538602.69,-0.007578812
04/04/2018,1527741.82,-0.007058918
05/04/2018,1514368.81,-0.008753449
06/04/2018,1505410.53,-0.005915521
07/04/2018,1489224.22,-0.01075209
08/04/2018,1478830.4,-0.006979352
09/04/2018,1471090.49,-0.005233805
10/04/2018,1468244.42,-0.001934667
11/04/2018,1463321.26,-0.003353093
12/04/2018,1462183.6,-0.000777451
13/04/2018,1456694.05,-0.003754351
14/04/2018,1449212.58,-0.005135924
15/04/2018,1439591.93,-0.006638536
16/04/2018,1427579.46,-0.008344358
17/04/2018,1419575.51,-0.005606658
18/04/2018,1410030.65,-0.006723742
19/04/2018,1407455.27,-0.001826471
20/04/2018,1408558.16,0.000783606
21/04/2018,1419180.1,0.007541002
22/04/2018,1420450.91,0.000895454
23/04/2018,1422310.36,0.001309056
24/04/2018,1420585.14,-0.00121297
25/04/2018,1421194.7,0.000429091
26/04/2018,1422060.54,0.000609234
27/04/2018,1423072.68,0.000711742
28/04/2018,1425988.93,0.002049263
29/04/2018,1427110.18,0.000786296
30/04/2018,1424004.27,-0.002176363
01/05/2018,1417387.68,-0.004646468
02/05/2018,1412840.96,-0.003207817
03/05/2018,1410411.64,-0.001719458
04/05/2018,1405130.85,-0.003744148
05/05/2018,1406108.3,0.000695629
06/05/2018,1405765.06,-0.000244106
07/05/2018,1409710.29,0.002806465
08/05/2018,1415035.76,0.003777705
09/05/2018,1429346.26,0.010113172
10/05/2018,1433502.41,0.002907728
11/05/2018,1439803.46,0.004395563
12/05/2018,1443397.26,0.002496035
13/05/2018,1444708.36,0.000908343
14/05/2018,1442367.6,-0.00162023
15/05/2018,1445347.9,0.002066256
16/05/2018,1450292.11,0.003420775
17/05/2018,1453152.01,0.001971948
18/05/2018,1452679.51,-0.000325155
19/05/2018,1452287.08,-0.000270142
20/05/2018,1455474.14,0.002194511
21/05/2018,1450185.24,-0.003633799
22/05/2018,1442011.75,-0.00563617
23/05/2018,1442691.98,0.000471723
24/05/2018,1438868.01,-0.00265058
25/05/2018,1435475.6,-0.002357694
26/05/2018,1431504.51,-0.002766393
27/05/2018,1433286.49,0.00124483
28/05/2018,1425809.49,-0.005216682
29/05/2018,1427038.36,0.000861875
30/05/2018,1426861.14,-0.000124187
31/05/2018,1425317.81,-0.001081626
01/06/2018,1419334.26,-0.004198046
02/06/2018,1420383.12,0.00073898
03/06/2018,1416363.69,-0.002829821
04/06/2018,1414673.49,-0.001193338
05/06/2018,1420591.16,0.004183064
06/06/2018,1429446.22,0.006233363
07/06/2018,1436235.83,0.004749818
08/06/2018,1443334.25,0.004942378
09/06/2018,1444341.75,0.000698037
10/06/2018,1437870.44,-0.004480456
11/06/2018,1437369.06,-0.000348696
12/06/2018,1435316.38,-0.001428081
13/06/2018,1433963.63,-0.000942475
14/06/2018,1432460.67,-0.001048116
15/06/2018,1435682.3,0.002249018
16/06/2018,1436779.51,0.000764243
17/06/2018,1437780.93,0.000696989
18/06/2018,1443132.16,0.003721867
19/06/2018,1445324.49,0.001519147
20/06/2018,1450908.84,0.003863734
21/06/2018,1453179.22,0.001564799
22/06/2018,1455314.69,0.001469516
23/06/2018,1455714.19,0.000274511
24/06/2018,1463759.82,0.00552693
25/06/2018,1463655.1,-7.15418E-05
26/06/2018,1464839.25,0.000809036
27/06/2018,1469878.06,0.003439838
28/06/2018,1472671.64,0.001900552
29/06/2018,1470874.02,-0.001220652
30/06/2018,1470560.78,-0.000212962
01/07/2018,1469640.05,-0.000626108
02/07/2018,1467150.92,-0.0016937
03/07/2018,1463041.73,-0.002800796
04/07/2018,1463687.38,0.000441307
05/07/2018,1472839.3,0.006252647
06/07/2018,1484618.95,0.007997919
07/07/2018,1490822.18,0.004178331
08/07/2018,1493584.82,0.001853098
09/07/2018,1493966.44,0.000255506
10/07/2018,1491596.04,-0.001586649
11/07/2018,1484742.46,-0.004594796
12/07/2018,1477845.62,-0.004645142
13/07/2018,1469699.13,-0.005512409
14/07/2018,1461829.83,-0.005354361
15/07/2018,1450150.69,-0.007989398
16/07/2018,1436732.09,-0.009253245
17/07/2018,1431921.02,-0.00334862
18/07/2018,1435360.27,0.002401843
19/07/2018,1441121.32,0.004013661
20/07/2018,1447476.58,0.004409941
21/07/2018,1461563.39,0.009731978
22/07/2018,1471181.46,0.006580672
23/07/2018,1479225.85,0.005467979
24/07/2018,1488892.84,0.006535168
25/07/2018,1495255.41,0.004273357
26/07/2018,1498859.87,0.002410598
27/07/2018,1500159.62,0.000867159
28/07/2018,1498509.29,-0.001100103
29/07/2018,1488544.96,-0.006649495
30/07/2018,1479165.47,-0.006301113
31/07/2018,1464650.53,-0.009812925
01/08/2018,1455501.63,-0.006246473
02/08/2018,1444444.58,-0.007596728
03/08/2018,1435631.67,-0.006101245
04/08/2018,1427522.85,-0.005648259
05/08/2018,1418811.69,-0.006102291
06/08/2018,1412819.47,-0.004223408
07/08/2018,1405583.5,-0.005121652
08/08/2018,1399318.96,-0.004456896
09/08/2018,1401748.58,0.001736287
10/08/2018,1413866.77,0.008645052
11/08/2018,1426877.84,0.009202472
12/08/2018,1440917.17,0.009839195
13/08/2018,1449135.13,0.005703284
14/08/2018,1449417.45,0.00019482
15/08/2018,1449317.71,-6.88139E-05
16/08/2018,1441435.4,-0.005438635
17/08/2018,1431902.44,-0.006613519
18/08/2018,1433371.15,0.001025705
19/08/2018,1439230.13,0.004087553
20/08/2018,1443510.82,0.002974292
21/08/2018,1448223.17,0.003264506
22/08/2018,1458782.8,0.007291438
23/08/2018,1467766.58,0.006158408
24/08/2018,1478282.34,0.007164463
25/08/2018,1480723.69,0.001651477
26/08/2018,1487173.08,0.004355566
27/08/2018,1497536.72,0.006968685
28/08/2018,1503983.06,0.004304629
29/08/2018,1506885.49,0.001929829
30/08/2018,1515932.3,0.006003648
31/08/2018,1516942.37,0.000666303
01/09/2018,1507548.7,-0.006192503
02/09/2018,1498532.98,-0.005980384
03/09/2018,1488728.28,-0.006542866
04/09/2018,1477081.53,-0.007823288
05/09/2018,1468803.79,-0.005604119
06/09/2018,1469415.99,0.000416802
07/09/2018,1473663.29,0.002890468
08/09/2018,1478198.85,0.003077745
09/09/2018,1481231.8,0.002051788
10/09/2018,1485681.95,0.003004358
11/09/2018,1486513.42,0.000559655
12/09/2018,1485786.94,-0.000488714
13/09/2018,1482393.03,-0.002284251
14/09/2018,1477796.19,-0.003100959
15/09/2018,1473318.45,-0.003030012
16/09/2018,1472389.25,-0.000630685
17/09/2018,1465939.22,-0.004380655
18/09/2018,1460273.51,-0.003864901
19/09/2018,1459174.46,-0.000752633
20/09/2018,1462348.31,0.0021751
21/09/2018,1457412.24,-0.003375441
22/09/2018,1453664.63,-0.002571414
23/09/2018,1457264.39,0.002476335
24/09/2018,1458644.21,0.000946856
25/09/2018,1461549.33,0.001991658
26/09/2018,1469175.99,0.005218202
27/09/2018,1478884.56,0.006608174
28/09/2018,1485141.65,0.004230952
29/09/2018,1491863.73,0.004526221
30/09/2018,1497067.06,0.003487805
01/10/2018,1507271.23,0.006816107
02/10/2018,1522472.25,0.010085126
03/10/2018,1537768.91,0.01004725
04/10/2018,1558950.38,0.013774157
05/10/2018,1575951.06,0.010905209
06/10/2018,1583970.02,0.005088331
07/10/2018,1588835.73,0.003071845
08/10/2018,1596561.26,0.004862384
09/10/2018,1598889.02,0.001457984
10/10/2018,1598521.06,-0.000230135
11/10/2018,1606893.92,0.005237879
12/10/2018,1613529.68,0.004129557
13/10/2018,1611810.82,-0.001065279
14/10/2018,1605166.37,-0.004122351
15/10/2018,1606226.27,0.000660305
16/10/2018,1608036.06,0.001126734
17/10/2018,1614519.39,0.004031831
18/10/2018,1630320.64,0.009786968
19/10/2018,1645424.79,0.009264527
20/10/2018,1652480.46,0.004288054
21/10/2018,1656428.9,0.002389402
22/10/2018,1649518.94,-0.004171601
23/10/2018,1631612.27,-0.010855692
24/10/2018,1615338.05,-0.009974318
25/10/2018,1604143.18,-0.006930357
26/10/2018,1586392.41,-0.011065577
27/10/2018,1568085.83,-0.011539755
28/10/2018,1556602.96,-0.007322858
29/10/2018,1552540.59,-0.002609766
30/10/2018,1544962.21,-0.004881277
31/10/2018,1542559.32,-0.001555307
01/11/2018,1547644.28,0.003296444
02/11/2018,1546698.4,-0.000611174
03/11/2018,1538833.31,-0.005085083
04/11/2018,1531293.01,-0.004900011
05/11/2018,1527298.72,-0.002608443
06/11/2018,1517280.21,-0.006559627
07/11/2018,1510041.93,-0.004770562
08/11/2018,1500850.73,-0.006086718
09/11/2018,1493876.53,-0.004646831
10/11/2018,1482002.7,-0.007948334
11/11/2018,1471524.48,-0.007070311
12/11/2018,1465822.74,-0.003874716
13/11/2018,1466535.7,0.000486389
14/11/2018,1466220.28,-0.000215078
15/11/2018,1465799.84,-0.000286751
16/11/2018,1466742.18,0.000642885
17/11/2018,1470646.44,0.002661858
18/11/2018,1478351.4,0.005239165
19/11/2018,1485425.56,0.004785168
20/11/2018,1493987.93,0.005764254
21/11/2018,1501829.63,0.005248838
22/11/2018,1501694.17,-9.01966E-05
23/11/2018,1492282.18,-0.006267581
24/11/2018,1488120.3,-0.002788936
25/11/2018,1485190.11,-0.001969055
26/11/2018,1483760.57,-0.00096253
27/11/2018,1483960.62,0.000134826
28/11/2018,1485792.38,0.001234372
29/11/2018,1482049.05,-0.002519417
30/11/2018,1476685.8,-0.003618807
01/12/2018,1475201.38,-0.001005238
02/12/2018,1473991,-0.000820485
03/12/2018,1471582.58,-0.001633945
04/12/2018,1470381.47,-0.000816203
05/12/2018,1466720.87,-0.002489558
06/12/2018,1462480.3,-0.002891191
07/12/2018,1460085.12,-0.001637752
08/12/2018,1462537.75,0.001679786
09/12/2018,1466727.32,0.002864589
10/12/2018,1473255.58,0.004450902
11/12/2018,1483202.08,0.006751374
12/12/2018,1490209.03,0.004724205
13/12/2018,1498249.92,0.005395813
14/12/2018,1499992.63,0.001163164
15/12/2018,1502241.96,0.001499561
16/12/2018,1501754.17,-0.000324708
17/12/2018,1498757.56,-0.001995406
18/12/2018,1496627.65,-0.001421117
19/12/2018,1496277.61,-0.000233886
20/12/2018,1494069.56,-0.001475695
21/12/2018,1484463.85,-0.006429225
22/12/2018,1475709.78,-0.005897126
23/12/2018,1459574.47,-0.010933932
24/12/2018,1443715.56,-0.010865434
25/12/2018,1428875.42,-0.01027913
26/12/2018,1419902,-0.006280058
27/12/2018,1409420.79,-0.007381643
28/12/2018,1406132.8,-0.002332866
29/12/2018,1406090.17,-3.03172E-05
30/12/2018,1410117.43,0.002864155
31/12/2018,1409064.12,-0.000746966
01/01/2019,1410571.21,0.001069568
02/01/2019,1411194.15,0.000441623
03/01/2019,1411839.5,0.000457308
04/01/2019,1403520.5,-0.005892313
05/01/2019,1393702.81,-0.006995046
06/01/2019,1389575.02,-0.002961743
07/01/2019,1379570.41,-0.007199762
08/01/2019,1369853.58,-0.007043374
09/01/2019,1369050.5,-0.000586252
10/01/2019,1371314.34,0.001653584
11/01/2019,1366816.62,-0.003279861
12/01/2019,1368307.95,0.001091097
13/01/2019,1374989.81,0.004883301
14/01/2019,1373664.66,-0.000963753
15/01/2019,1373301.49,-0.00026438
16/01/2019,1381223.03,0.005768245
17/01/2019,1387095.34,0.004251529
18/01/2019,1393307.49,0.004478531
19/01/2019,1406120.31,0.009195974
20/01/2019,1417758.93,0.008277115
21/01/2019,1429575.97,0.008335014
22/01/2019,1440494.73,0.007637761
23/01/2019,1445209.38,0.003272938
24/01/2019,1443483.58,-0.001194152
25/01/2019,1442492.47,-0.00068661
26/01/2019,1436526.84,-0.00413564
27/01/2019,1433907.92,-0.001823092
28/01/2019,1436320.41,0.001682458
29/01/2019,1443426.44,0.004947385
30/01/2019,1453947.19,0.007288733
31/01/2019,1463195.65,0.006360933
01/02/2019,1468525.78,0.003642801
02/02/2019,1471902.91,0.002299674
03/02/2019,1475106.97,0.002176815
04/02/2019,1476497.5,0.000942664
05/02/2019,1479099.15,0.001762042
06/02/2019,1477642.38,-0.000984904
07/02/2019,1472097.57,-0.003752471
08/02/2019,1467664.15,-0.003011635
09/02/2019,1469231.57,0.001067969
10/02/2019,1474926.02,0.003875802
11/02/2019,1481851.16,0.004695246
12/02/2019,1487073.38,0.003524119
13/02/2019,1491608.27,0.00304954
14/02/2019,1487417.43,-0.002809612
15/02/2019,1479293.33,-0.005461883
16/02/2019,1470740.85,-0.005781463
17/02/2019,1463142.44,-0.005166383
18/02/2019,1451966.8,-0.007638108
19/02/2019,1439777.37,-0.008395116
20/02/2019,1429414.17,-0.007197779
21/02/2019,1419179.16,-0.007160283
22/02/2019,1409434.22,-0.006866603
23/02/2019,1404207.75,-0.003708204
24/02/2019,1403065.27,-0.000813612
25/02/2019,1395070.64,-0.005697974
26/02/2019,1386624.6,-0.006054202
27/02/2019,1375287.9,-0.008175753
28/02/2019,1366106.51,-0.006675977
01/03/2019,1354832.56,-0.008252614
02/03/2019,1343268.43,-0.008535468
03/03/2019,1333223.2,-0.0074782
04/03/2019,1326111.93,-0.005333893
05/03/2019,1314758.89,-0.008561148
06/03/2019,1303182.19,-0.008805189
07/03/2019,1293814.78,-0.007188105
08/03/2019,1291586.56,-0.001722209
09/03/2019,1292052.69,0.000360897
10/03/2019,1297289.32,0.004052954
11/03/2019,1306933.92,0.007434425
12/03/2019,1324111.76,0.013143618
13/03/2019,1342330.52,0.013759231
14/03/2019,1361470.31,0.014258627
15/03/2019,1379698.47,0.013388584
16/03/2019,1392489.36,0.009270787
17/03/2019,1398334.31,0.004197483
18/03/2019,1403016.72,0.003348563
19/03/2019,1409020.33,0.004279072
20/03/2019,1409955.28,0.000663546
21/03/2019,1410079.47,8.80808E-05
22/03/2019,1413907.11,0.002714485
23/03/2019,1418448.05,0.003211625
24/03/2019,1419260.17,0.000572541
25/03/2019,1423009.19,0.002641531
26/03/2019,1433757.74,0.007553395
27/03/2019,1448296.85,0.010140563
28/03/2019,1462304.86,0.009672057
29/03/2019,1480091.35,0.012163326
30/03/2019,1491195.38,0.00750226
31/03/2019,1503484.74,0.008241281
01/04/2019,1505969.88,0.00165292
02/04/2019,1506418.04,0.000297589
03/04/2019,1501834.67,-0.003042562
04/04/2019,1503491.65,0.001103304
05/04/2019,1500989.24,-0.001664399
06/04/2019,1505547.35,0.003036737
07/04/2019,1503792.68,-0.00116547
08/04/2019,1503937.2,9.61037E-05
09/04/2019,1502995.36,-0.00062625
10/04/2019,1499046.83,-0.002627107
11/04/2019,1486809.73,-0.008163254
12/04/2019,1477163.18,-0.006488086
13/04/2019,1472789.83,-0.002960641
14/04/2019,1470717.12,-0.001407336
15/04/2019,1473580.84,0.001947159
16/04/2019,1479293.54,0.003876747
17/04/2019,1486354.56,0.004773238
18/04/2019,1493506.93,0.004812021
19/04/2019,1500467.7,0.004660688
20/04/2019,1502588.59,0.001413486
21/04/2019,1511154.59,0.005700829
22/04/2019,1515416.68,0.00282042
23/04/2019,1515193.06,-0.000147563
24/04/2019,1516222.82,0.000679623
25/04/2019,1517909.36,0.00111233
26/04/2019,1516322.8,-0.001045227
27/04/2019,1516208.79,-7.51885E-05
28/04/2019,1509181.17,-0.004634995
29/04/2019,1496511.82,-0.00839485
30/04/2019,1490989.81,-0.003689921
01/05/2019,1483138.07,-0.005266126
02/05/2019,1474568.78,-0.00577781
03/05/2019,1468595.69,-0.004050737
04/05/2019,1471153.55,0.001741705
05/05/2019,1467732.43,-0.002325468
06/05/2019,1468210.72,0.00032587
07/05/2019,1475398.71,0.004895748
08/05/2019,1481522.35,0.004150498
09/05/2019,1479342.27,-0.001471513
10/05/2019,1480548.06,0.000815085
11/05/2019,1482461.64,0.001292481
12/05/2019,1478228.87,-0.002855231
13/05/2019,1472440.33,-0.003915862
14/05/2019,1471026.56,-0.000960154
15/05/2019,1465297.13,-0.003894851
16/05/2019,1451874.92,-0.00916006
17/05/2019,1446726.03,-0.003546373
18/05/2019,1445929.24,-0.000550754
19/05/2019,1446157.67,0.000157981
20/05/2019,1448520.1,0.001633591
21/05/2019,1458024.94,0.006561759
22/05/2019,1460316.72,0.001571839
23/05/2019,1466649.54,0.004336607
24/05/2019,1466598.31,-3.493E-05
25/05/2019,1461826.8,-0.003253454
26/05/2019,1455408.67,-0.004390486
27/05/2019,1455733.22,0.000222996
28/05/2019,1458533.85,0.001923862
29/05/2019,1466817.13,0.005679183
30/05/2019,1479133.37,0.008396575
31/05/2019,1491898.6,0.008630209
01/06/2019,1502004.77,0.006774033
02/06/2019,1505514.14,0.002336457
03/06/2019,1507349.85,0.001219324
04/06/2019,1513454.71,0.004050062
05/06/2019,1522799.28,0.006174331
06/06/2019,1532345.44,0.006268824
07/06/2019,1542063.02,0.006341638
08/06/2019,1552303.8,0.006640961
09/06/2019,1556266.26,0.002552632
10/06/2019,1558022.26,0.001128342
11/06/2019,1553626.12,-0.002821616
12/06/2019,1546831.01,-0.00437371
13/06/2019,1538455.3,-0.005414754
14/06/2019,1532728.88,-0.003722188
15/06/2019,1524957.04,-0.00507059
16/06/2019,1522122.94,-0.001858479
17/06/2019,1529014.85,0.004527827
18/06/2019,1541846.73,0.008392253
19/06/2019,1557624.29,0.010232898
20/06/2019,1570495.96,0.008263655
21/06/2019,1579416.14,0.005679849
22/06/2019,1585927.01,0.004122327
23/06/2019,1581483.69,-0.002801718
24/06/2019,1580048.03,-0.000907793
25/06/2019,1586373.72,0.00400348
26/06/2019,1595237.47,0.005587429
27/06/2019,1597207.5,0.001234945
28/06/2019,1600398.78,0.001998037
29/06/2019,1597493.69,-0.001815229
30/06/2019,1595384.94,-0.001320037
01/07/2019,1594564.07,-0.000514528
02/07/2019,1591774.34,-0.001749525
03/07/2019,1598694.14,0.004347224
04/07/2019,1603552.03,0.003038661
05/07/2019,1598644.93,-0.003060144
06/07/2019,1595991.12,-0.001660037
07/07/2019,1596669.37,0.000424971
08/07/2019,1598463.33,0.001123564
09/07/2019,1596947.13,-0.000948536
10/07/2019,1594408.58,-0.001589627
11/07/2019,1588113.18,-0.003948423
12/07/2019,1586057.79,-0.001294234
13/07/2019,1573823.2,-0.007713836
14/07/2019,1568120.88,-0.003623228
15/07/2019,1561756.94,-0.004058322
16/07/2019,1552905.69,-0.005667495
17/07/2019,1541395.85,-0.007411809
18/07/2019,1529012.2,-0.008034049
19/07/2019,1519861.8,-0.005984517
20/07/2019,1520885.05,0.000673252
21/07/2019,1522816.94,0.001270241
22/07/2019,1528844.85,0.003958394
23/07/2019,1533536.68,0.003068873
24/07/2019,1538671.86,0.003348586
25/07/2019,1538816.77,9.41786E-05
26/07/2019,1546200.71,0.004798453
27/07/2019,1549196.58,0.001937569
28/07/2019,1564096.01,0.009617521
29/07/2019,1575165.84,0.007077462
30/07/2019,1580185.98,0.003187055
31/07/2019,1583625.75,0.002176813
01/08/2019,1587346.82,0.002349716
02/08/2019,1584862.01,-0.001565386
03/08/2019,1583775.98,-0.000685252
04/08/2019,1594202.19,0.006583134
05/08/2019,1605930.98,0.007357153
06/08/2019,1616362.71,0.006495752
07/08/2019,1622795.67,0.003979899
08/08/2019,1626050.33,0.002005588
09/08/2019,1629619.83,0.002195197
10/08/2019,1631869.72,0.001380623
11/08/2019,1637241.24,0.003291635
12/08/2019,1642293.83,0.003086039
13/08/2019,1650273.51,0.004858863
14/08/2019,1658425.38,0.004939708
15/08/2019,1659353.79,0.000559814
16/08/2019,1652388.37,-0.00419767
17/08/2019,1655141.51,0.001666158
18/08/2019,1657550.2,0.001455277
19/08/2019,1652748.81,-0.002896678
20/08/2019,1649472.28,-0.001982473
21/08/2019,1655097.99,0.003410612
22/08/2019,1655313.9,0.000130451
23/08/2019,1658744.07,0.002072217
24/08/2019,1662735.19,0.00240611
25/08/2019,1673195.8,0.006291206
26/08/2019,1680759.97,0.004520792
27/08/2019,1682594.26,0.001091346
28/08/2019,1674529.65,-0.004792962
29/08/2019,1662265.07,-0.007324194
30/08/2019,1651843.58,-0.006269451
31/08/2019,1645957.14,-0.003563558
01/09/2019,1649963.42,0.002434012
02/09/2019,1665548.74,0.009445858
03/09/2019,1685559.83,0.012014713
04/09/2019,1694850.23,0.005511759
05/09/2019,1701240.81,0.003770587
06/09/2019,1700127.63,-0.000654334
07/09/2019,1689900.33,-0.006015607
08/09/2019,1675121.51,-0.00874538
09/09/2019,1663547.57,-0.006909314
10/09/2019,1655155.52,-0.005044671
11/09/2019,1650514.85,-0.002803767
12/09/2019,1646648.58,-0.002342463
13/09/2019,1653118.57,0.003929187
14/09/2019,1660245.42,0.004311155
15/09/2019,1659334.61,-0.0005486
16/09/2019,1652250.19,-0.004269434
17/09/2019,1653458.99,0.000731608
18/09/2019,1646923.06,-0.003952883
19/09/2019,1642582.83,-0.002635357
20/09/2019,1639653.26,-0.001783514
21/09/2019,1642391.36,0.001669926
22/09/2019,1640095.18,-0.001398071
23/09/2019,1643571.96,0.002119865
24/09/2019,1651361.28,0.004739263
25/09/2019,1661984.63,0.006433087
26/09/2019,1669388.71,0.004454963
27/09/2019,1673970.19,0.002744406
28/09/2019,1681658.89,0.004593093
29/09/2019,1683742.77,0.001239181
30/09/2019,1682512.25,-0.000730824
01/10/2019,1680331.27,-0.001296264
02/10/2019,1683917.53,0.002134258
03/10/2019,1678730.85,-0.003080127
04/10/2019,1669909.45,-0.005254803
05/10/2019,1662271.94,-0.004573607
06/10/2019,1663010.45,0.000444277
07/10/2019,1662699.85,-0.00018677
08/10/2019,1661239.99,-0.000878006
09/10/2019,1665046.72,0.002291499
10/10/2019,1675439.32,0.006241627
11/10/2019,1675863.5,0.000253175
12/10/2019,1673278.75,-0.001542339
13/10/2019,1678327.55,0.00301731
14/10/2019,1682511.01,0.002492636
15/10/2019,1677721.5,-0.002846644
16/10/2019,1675373.84,-0.001399314
17/10/2019,1666524.36,-0.005282093
18/10/2019,1647388.44,-0.011482532
19/10/2019,1631356.84,-0.009731524
20/10/2019,1619417.06,-0.007318926
21/10/2019,1611736.99,-0.00474249
22/10/2019,1610513.08,-0.000759373
23/10/2019,1616290.49,0.00358731
24/10/2019,1616816.64,0.000325529
25/10/2019,1615496.14,-0.000816728
26/10/2019,1613717.21,-0.001101166
27/10/2019,1608680.68,-0.003121073
28/10/2019,1597723.81,-0.006811091
29/10/2019,1590746.88,-0.004366794
30/10/2019,1579339.31,-0.007171204
31/10/2019,1572863.74,-0.004100177
01/11/2019,1565659.28,-0.004580473
02/11/2019,1568894.29,0.002066229
03/11/2019,1571773.72,0.001835324
04/11/2019,1584142.25,0.007869154
05/11/2019,1589241.66,0.003219035
06/11/2019,1602481.55,0.008330948
07/11/2019,1607604.93,0.003197154
08/11/2019,1612742.24,0.00319563
09/11/2019,1610326.21,-0.001498088
10/11/2019,1604523.06,-0.003603711
11/11/2019,1589255.39,-0.009515395
12/11/2019,1572843.63,-0.010326698
13/11/2019,1550953.01,-0.013917862
14/11/2019,1539077.74,-0.007656757
15/11/2019,1534818,-0.002767722
16/11/2019,1530343.88,-0.002915082
17/11/2019,1530435.91,6.01368E-05
18/11/2019,1533052.82,0.001709912
19/11/2019,1535545.5,0.001625958
20/11/2019,1532364.65,-0.002071479
21/11/2019,1532512.28,9.63413E-05
22/11/2019,1535081.48,0.001676463
23/11/2019,1535788.87,0.000460816
24/11/2019,1533350.64,-0.001587608
25/11/2019,1534849.31,0.000977382
26/11/2019,1531802.75,-0.001984925
27/11/2019,1519721.6,-0.007886884
28/11/2019,1510109.99,-0.006324586
29/11/2019,1496405.57,-0.009075114
30/11/2019,1483073.01,-0.008909724
01/12/2019,1474910.22,-0.00550397
02/12/2019,1477772.72,0.001940796
03/12/2019,1483714.65,0.004020869
04/12/2019,1491847.17,0.005481189
05/12/2019,1500893.66,0.006063952
06/12/2019,1515497.21,0.009729903
07/12/2019,1528478.81,0.008565902
08/12/2019,1533408.32,0.003225108
09/12/2019,1539567.11,0.004016406
10/12/2019,1548398.92,0.005736554
11/12/2019,1549978.76,0.001020306
12/12/2019,1548148.42,-0.001180881
13/12/2019,1549002.63,0.000551762
14/12/2019,1552219.71,0.002076872
15/12/2019,1552357.72,8.89114E-05
16/12/2019,1555380.72,0.00194736
17/12/2019,1562808.9,0.004775795
18/12/2019,1574664.69,0.007586206
19/12/2019,1588905.72,0.009043849
20/12/2019,1603636.12,0.009270783
21/12/2019,1620185.54,0.010319935
22/12/2019,1633194.07,0.008029037
23/12/2019,1646894.79,0.008388911
24/12/2019,1650220.48,0.00201937
25/12/2019,1651897.17,0.00101604
26/12/2019,1652701.38,0.00048684
27/12/2019,1649594.76,-0.001879723
28/12/2019,1647751.42,-0.00111745
29/12/2019,1654517.83,0.004106451
30/12/2019,1661900.57,0.00446217
31/12/2019,1671168.71,0.005576832
01/01/2020,1679577.85,0.005031892
02/01/2020,1691406.35,0.007042543
03/01/2020,1703875.41,0.007372007
04/01/2020,1718326.73,0.008481442
05/01/2020,1729065.92,0.006249795
06/01/2020,1745541.85,0.009528804
07/01/2020,1761217.4,0.008980335
08/01/2020,1778355.26,0.00973069
09/01/2020,1799943.36,0.012139363
10/01/2020,1825344.75,0.014112327
11/01/2020,1845885.22,0.011252926
12/01/2020,1858020.7,0.006574342
13/01/2020,1859039.74,0.000548455
14/01/2020,1856260.48,-0.001494998
15/01/2020,1845206.09,-0.005955193
16/01/2020,1840502.13,-0.002549287
17/01/2020,1839886.98,-0.000334229
18/01/2020,1841352.13,0.000796326
19/01/2020,1833328.6,-0.004357412
20/01/2020,1830397.92,-0.001598557
21/01/2020,1829865.13,-0.000291079
22/01/2020,1821610.56,-0.004511026
23/01/2020,1810977.17,-0.005837356
24/01/2020,1810251.45,-0.000400734
25/01/2020,1809053.31,-0.000661864
26/01/2020,1799558.39,-0.005248557
27/01/2020,1796610.93,-0.00163788
28/01/2020,1796615,2.26538E-06
29/01/2020,1794188.74,-0.001350462
30/01/2020,1799058.35,0.002714101
31/01/2020,1801423.92,0.001314893
01/02/2020,1798189.33,-0.001795574
02/02/2020,1799262.71,0.000596923
03/02/2020,1801268.41,0.001114734
04/02/2020,1802681.27,0.000784369
05/02/2020,1811474.65,0.004877945
06/02/2020,1828502.75,0.009400132
07/02/2020,1835569.83,0.003864955
08/02/2020,1835966.04,0.000215851
09/02/2020,1828584.07,-0.004020755
10/02/2020,1824120.67,-0.002440905
11/02/2020,1813854.07,-0.005628246
12/02/2020,1809814.03,-0.002227324
13/02/2020,1809815.48,8.01187E-07
14/02/2020,1807936.79,-0.001038056
15/02/2020,1795688.05,-0.006774982
16/02/2020,1785680.15,-0.005573295
17/02/2020,1783539.12,-0.001199
18/02/2020,1781663.23,-0.00105178
19/02/2020,1784758.78,0.00173745
20/02/2020,1798022.58,0.007431705
21/02/2020,1805491.24,0.004153819
22/02/2020,1809539.09,0.002241966
23/02/2020,1813203.65,0.002025134
24/02/2020,1810417.2,-0.001536755
25/02/2020,1805898.87,-0.00249574
26/02/2020,1811542.3,0.003124998
27/02/2020,1816147.78,0.002542298
28/02/2020,1826811.17,0.005871433
29/02/2020,1844211.21,0.009524816
01/03/2020,1851992.27,0.004219181
02/03/2020,1853193.56,0.000648647
03/03/2020,1852655.21,-0.000290499
04/03/2020,1848853.84,-0.00205185
05/03/2020,1847081.89,-0.000958405
